mel_idx	Score	CS_pdb	Sp_pdb	MS_pdb	CS_mol2	Sp_mol2	MS_mol2	d_MS
1	-42.213435	8.139992	10	28.510665	8.582744	10	28.548871	-0.0382
2	-40.824736	8.142733	10	28.269615	8.593205	10	28.308456	-0.0388
3	-38.456194	9.208017	10	27.927166	9.370825	10	27.939808	-0.0126
4	-38.168356	9.191713	10	27.871693	9.439421	10	27.890875	-0.0192
5	-37.899897	7.629029	10	27.686360	8.320460	10	27.748942	-0.0626
6	-37.879962	10.000000	5	27.877779	9.978726	10	27.876243	+0.0015
7	-37.659212	9.163034	10	27.772567	9.430277	10	27.793305	-0.0207
8	-37.614231	9.192729	10	27.766280	9.455682	10	27.786624	-0.0203
9	-37.462121	10.000000	5	27.797767	6.400000	2	27.475839	+0.3219
10	-37.304438	7.515396	10	27.561301	8.166703	10	27.621254	-0.0600
11	-37.204305	10.000000	5	27.747952	6.400000	2	27.426024	+0.3219
12	-36.622102	8.182924	10	27.489522	8.701309	10	27.533830	-0.0443
13	-36.558792	7.549216	10	27.418896	8.262290	10	27.484003	-0.0651
14	-36.410022	10.000000	5	27.592283	6.400000	2	27.270354	+0.3219
15	-36.238422	9.188394	10	27.497148	9.472298	10	27.519098	-0.0220
16	-36.14643	9.166439	10	27.477087	9.419994	10	27.496769	-0.0197
17	-36.056649	9.150675	10	27.457906	9.458733	10	27.481791	-0.0239
18	-36.056233	10.000000	5	27.521848	6.400000	2	27.199920	+0.3219
19	-36.052431	9.203322	10	27.461201	9.469993	10	27.481805	-0.0206
20	-36.039152	8.400000	3	27.392660	6.400000	2	27.196502	+0.1962
21	-35.980208	10.000000	5	27.506622	6.400000	2	27.184694	+0.3219
22	-35.975505	7.324305	10	27.281061	8.258336	10	27.367641	-0.0866
23	-35.933092	7.843416	10	27.321947	8.329989	10	27.365363	-0.0434
24	-35.905412	9.952430	10	27.488171	9.975244	10	27.489823	-0.0017
25	-35.794157	9.208294	10	27.409728	9.479392	10	27.430658	-0.0209
26	-35.762212	10.000000	5	27.462784	6.400000	2	27.140856	+0.3219
27	-35.760175	2.359889	10	26.420769	2.963013	10	26.584942	-0.1642
28	-35.622598	8.941049	10	27.353826	9.364029	10	27.387169	-0.0333
29	-35.620322	10.000000	5	27.434107	6.400000	2	27.112179	+0.3219
30	-35.595319	8.127209	10	27.279458	8.667218	10	27.325863	-0.0464
31	-35.594631	10.000000	5	27.428903	6.400000	2	27.106975	+0.3219
32	-35.568565	8.057065	10	27.267782	8.647025	10	27.318756	-0.0510
33	-35.470692	2.114070	10	26.282790	2.880426	10	26.505919	-0.2231
34	-35.416135	2.041373	10	26.246444	2.971165	10	26.517189	-0.2707
35	-35.404279	9.204376	10	27.330419	9.467682	10	27.350765	-0.0203
36	-35.388891	9.208101	10	27.327575	9.479292	10	27.348513	-0.0209
37	-35.358472	9.149763	10	27.316787	9.457770	10	27.340670	-0.0239
38	-35.354236	9.953396	10	27.376650	9.986702	10	27.379060	-0.0024
39	-35.338698	7.563881	10	27.175448	8.315854	10	27.243817	-0.0684
40	-35.30336	9.212992	10	27.310503	9.474804	10	27.330716	-0.0202
41	-35.20143	6.999116	10	27.091397	7.972473	10	27.185324	-0.0939
42	-35.197939	8.990857	10	27.271325	9.397460	10	27.303231	-0.0319
43	-35.16579	9.204723	10	27.281691	9.484959	10	27.303324	-0.0216
44	-35.105112	10.000000	5	27.329010	6.400000	2	27.007082	+0.3219
45	-35.097335	9.193699	10	27.266771	9.468355	10	27.288005	-0.0212
46	-35.004086	9.197773	10	27.247899	9.440671	10	27.266702	-0.0188
47	-34.998287	9.212816	10	27.247883	9.474649	10	27.268098	-0.0202
48	-34.943758	9.190935	10	27.234920	9.471840	10	27.256637	-0.0217
49	-34.892916	10.000000	5	27.285275	8.400000	3	27.159506	+0.1258
50	-34.874876	9.212817	10	27.222402	9.474662	10	27.242618	-0.0202
51	-34.841681	10.000000	5	27.274676	6.400000	2	26.952748	+0.3219
52	-34.781341	8.516091	10	27.146304	8.957838	10	27.182784	-0.0365
53	-34.753099	9.190660	10	27.195433	9.472692	10	27.217236	-0.0218
54	-34.62673	7.584230	10	27.030573	8.212681	10	27.087998	-0.0574
55	-34.591559	7.378624	10	27.003417	8.127130	10	27.073114	-0.0697
56	-34.568701	9.205351	10	27.158209	9.477597	10	27.179233	-0.0210
57	-34.359463	10.000000	5	27.174142	6.400000	2	26.852214	+0.3219
58	-34.342168	5.476818	10	26.736215	6.954521	10	26.908522	-0.1723
59	-34.294997	10.000000	5	27.160595	6.400000	2	26.838667	+0.3219
60	-34.28877	9.205532	10	27.099572	9.474791	10	27.120368	-0.0208
61	-34.248297	9.177720	10	27.088870	9.460027	10	27.110724	-0.0219
62	-34.244809	0.000000	0	-1000.000000	0.000000	0	-1000.000000	+0.0000
63	-34.195005	9.119865	10	27.073075	9.377854	10	27.093197	-0.0201
64	-34.15707	10.000000	7	27.131526	0.000000	0	-1000.000000	+1027.1315
65	-34.14489	0.000000	0	-1000.000000	0.000000	0	-1000.000000	+0.0000
66	-34.102606	8.223557	10	26.978932	8.809665	10	27.028594	-0.0497
67	-34.099404	8.400000	3	26.993568	6.400000	2	26.797409	+0.1962
68	-34.091567	8.116676	10	26.967160	8.588787	10	27.007942	-0.0408
69	-34.068823	9.445054	10	27.071681	9.640850	10	27.086481	-0.0148
70	-34.041766	7.603928	10	26.909542	8.181505	10	26.962353	-0.0528
71	-33.970378	9.220940	10	27.033484	9.457165	10	27.051731	-0.0182
72	-33.970007	9.214477	10	27.032899	9.472777	10	27.052842	-0.0199
73	-33.939792	9.206204	10	27.025832	9.459855	10	27.045438	-0.0196
74	-33.931662	5.745883	10	26.684065	6.989174	10	26.825362	-0.1413
75	-33.911651	10.000000	5	27.079510	6.400000	2	26.757582	+0.3219
76	-33.854857	2.034438	10	25.918770	2.812015	10	26.152257	-0.2335
77	-33.826802	9.394570	10	27.016388	9.615105	10	27.033126	-0.0167
78	-33.808786	9.206074	10	26.997925	9.455752	10	27.017228	-0.0193
79	-33.78928	7.468760	10	26.842903	8.268527	10	26.916284	-0.0734
80	-33.782808	0.000000	0	-1000.000000	0.000000	0	-1000.000000	+0.0000
81	-33.723278	10.000000	5	27.039328	6.400000	2	26.717400	+0.3219
82	-33.718369	9.924772	10	27.032831	9.979488	10	27.036797	-0.0040
83	-33.717609	8.400000	3	26.912346	6.400000	2	26.716188	+0.1962
84	-33.701326	7.964298	10	26.870441	8.519089	10	26.919017	-0.0486
85	-33.695772	8.400000	3	26.907673	6.400000	2	26.711514	+0.1962
86	-33.666991	3.725892	10	26.315107	3.915406	10	26.350895	-0.0358
87	-33.661544	9.957061	10	27.023007	6.400000	2	26.704183	+0.3188
88	-33.65846	10.000000	6	27.025450	10.000000	5	27.025450	+0.0000
89	-33.642409	9.953005	10	27.018612	9.986055	10	27.021003	-0.0024
90	-33.622993	8.112768	10	26.866978	8.602734	10	26.909279	-0.0423
91	-33.617111	7.547940	10	26.813661	8.242927	10	26.877198	-0.0635
92	-33.602709	8.400000	3	26.887723	9.980956	10	27.012117	-0.1244
93	-33.601131	8.009890	10	26.853081	8.511147	10	26.896866	-0.0438
94	-33.571722	10.000000	6	27.006837	9.592754	10	26.976846	+0.0300
95	-33.553167	9.600000	4	26.973402	8.400000	3	26.877080	+0.0963
96	-33.544848	9.952392	10	26.997618	9.978221	10	26.999488	-0.0019
97	-33.528367	9.952023	10	26.994046	9.982214	10	26.996231	-0.0022
98	-33.43194	9.168264	10	26.914100	9.441008	10	26.935246	-0.0211
99	-33.392133	10.000000	6	26.968146	9.600000	4	26.938699	+0.0294
100	-33.389159	9.351878	10	26.919167	9.610182	10	26.938821	-0.0197
101	-33.355256	6.315455	10	26.628654	5.870108	10	26.575905	+0.0527
102	-33.311393	3.945155	10	26.279760	4.390247	10	26.356870	-0.0771
103	-33.302026	9.951704	10	26.945162	9.982159	10	26.947366	-0.0022
104	-33.27562	9.600000	4	26.913485	0.000000	0	-1000.000000	+1026.9135
105	-33.268395	8.052716	10	26.785140	8.630988	10	26.835165	-0.0500
106	-33.247448	6.203073	10	26.592350	5.972392	10	26.565013	+0.0273
107	-33.20682	9.193475	10	26.867343	9.476846	10	26.889242	-0.0219
108	-33.202928	7.270293	10	26.697200	8.200426	10	26.784042	-0.0868
109	-33.202594	7.762432	10	26.744375	8.341287	10	26.796255	-0.0519
110	-33.186687	7.433617	10	26.709696	8.144343	10	26.775563	-0.0659
111	-33.17746	7.547962	10	26.718701	8.268067	10	26.784433	-0.0657
112	-33.170634	9.186186	10	26.858906	9.432156	10	26.877967	-0.0191
113	-33.155562	9.600000	4	26.887412	6.400000	2	26.594931	+0.2925
114	-33.14064	8.151798	10	26.766207	8.784920	10	26.820162	-0.0540
115	-33.14048	9.188428	10	26.852522	9.427332	10	26.871038	-0.0185
116	-33.091648	9.203995	10	26.843106	9.431643	10	26.860731	-0.0176
117	-33.087583	10.000000	5	26.902054	6.400000	2	26.580126	+0.3219
118	-33.083891	8.385623	10	26.774244	8.949184	10	26.821163	-0.0469
119	-33.083715	9.164967	10	26.838312	9.435634	10	26.859306	-0.0210
120	-33.038132	7.471294	10	26.680980	8.250202	10	26.752516	-0.0715
121	-33.01084	9.202342	10	26.825340	9.483460	10	26.847046	-0.0217
122	-32.998216	9.951735	10	26.879055	6.400000	2	26.560617	+0.3184
123	-32.99539	7.294299	10	26.654347	8.019983	10	26.722762	-0.0684
124	-32.987481	9.600000	4	26.850751	6.400000	2	26.558269	+0.2925
125	-32.93936	9.949875	10	26.866042	9.984738	10	26.868565	-0.0025
126	-32.933979	8.400000	3	26.742719	6.400000	2	26.546561	+0.1962
127	-32.917627	9.943645	10	26.860830	9.982436	10	26.863638	-0.0028
128	-32.89696	9.843670	10	26.849010	6.400000	2	26.538448	+0.3106
129	-32.893949	8.777695	10	26.765673	9.246474	10	26.803203	-0.0375
130	-32.888985	1.892571	10	25.657837	2.741156	10	25.925055	-0.2672
131	-32.882526	10.000000	5	26.857210	9.702340	10	26.835412	+0.0218
132	-32.859103	10.000000	5	26.852070	6.400000	2	26.530142	+0.3219
133	-32.858492	10.000000	5	26.851936	6.400000	2	26.530008	+0.3219
134	-32.843654	10.000000	5	26.848678	0.000000	0	-1000.000000	+1026.8487
135	-32.791957	7.962112	10	26.672926	8.521406	10	26.721896	-0.0490
136	-32.791936	9.942722	10	26.833166	9.981154	10	26.835949	-0.0028
137	-32.785303	6.400000	2	26.513923	0.000000	0	-1000.000000	+1026.5139
138	-32.758729	9.949085	10	26.826319	9.985790	10	26.828976	-0.0027
139	-32.754297	9.600000	4	26.799579	6.400000	2	26.507097	+0.2925
140	-32.732435	10.000000	5	26.824209	6.400000	2	26.502281	+0.3219
141	-32.725961	6.400000	2	26.500854	0.000000	0	-1000.000000	+1026.5009
142	-32.724962	10.000000	5	26.822562	8.400000	3	26.696793	+0.1258
143	-32.724259	9.914212	10	26.816192	6.400000	2	26.500479	+0.3157
144	-32.697592	9.947425	10	26.812724	9.985114	10	26.815452	-0.0027
145	-32.668953	8.400000	3	26.684436	9.991850	10	26.809617	-0.1252
146	-32.666213	-100.000000	1	-1000.000000	-100.000000	1	-1000.000000	+0.0000
147	-32.658789	9.172817	10	26.745679	9.409969	10	26.764092	-0.0184
148	-32.655168	7.955049	10	26.642133	8.415149	10	26.682692	-0.0406
149	-32.644296	6.701993	10	26.516090	7.960886	10	26.640260	-0.1242
150	-32.636111	10.000000	5	26.802950	8.400000	3	26.677181	+0.1258
151	-32.627068	9.945190	10	26.796987	6.400000	2	26.479023	+0.3180
152	-32.619194	8.520708	10	26.683733	8.976608	10	26.721331	-0.0376
153	-32.614516	9.214977	10	26.739202	9.484215	10	26.759976	-0.0208
154	-32.59872	8.071959	10	26.640176	8.599011	10	26.685802	-0.0456
155	-32.5732	8.052214	10	26.632761	8.508794	10	26.672545	-0.0398
156	-32.55791	8.028969	10	26.627288	8.521402	10	26.670226	-0.0429
157	-32.557377	10.000000	6	26.785527	9.600000	4	26.756080	+0.0294
158	-32.543049	9.172105	10	26.720014	9.415035	10	26.738871	-0.0189
159	-32.543008	10.000000	6	26.782343	9.600000	4	26.752896	+0.0294
160	-32.523639	9.600000	4	26.748601	8.400000	3	26.652279	+0.0963
161	-32.519846	9.946491	10	26.773336	9.982459	10	26.775940	-0.0026
162	-32.519154	9.600000	4	26.747606	0.000000	0	-1000.000000	+1026.7476
163	-32.517581	8.097408	10	26.624470	8.579225	10	26.666164	-0.0417
164	-32.506492	10.000000	6	26.774244	8.400000	3	26.648475	+0.1258
165	-32.488866	9.600000	4	26.740885	8.400000	3	26.644562	+0.0963
166	-32.480088	9.951526	10	26.764877	3.600000	1	26.031417	+0.7335
167	-32.478505	0.000000	0	-1000.000000	0.000000	0	-1000.000000	+0.0000
168	-32.467524	10.000000	5	26.765591	6.400000	2	26.443663	+0.3219
169	-32.445223	10.000000	5	26.760635	6.400000	2	26.438707	+0.3219
170	-32.444367	10.000000	5	26.760445	6.400000	2	26.438517	+0.3219
171	-32.439226	9.955105	10	26.756056	6.400000	2	26.437373	+0.3187
172	-32.382227	10.000000	5	26.746616	6.400000	2	26.424687	+0.3219
173	-32.381819	8.400000	3	26.620755	6.400000	2	26.424597	+0.1962
174	-32.3574	9.893776	10	26.733380	9.982662	10	26.739831	-0.0065
175	-32.354131	10.000000	5	26.740354	0.000000	0	-1000.000000	+1026.7404
176	-32.324988	9.194520	10	26.673277	9.409633	10	26.689959	-0.0167
177	-32.303841	9.170760	10	26.666690	9.439652	10	26.687536	-0.0208
178	-32.300371	9.947712	10	26.724576	9.978030	10	26.726772	-0.0022
179	-32.290784	7.111725	10	26.480353	7.543846	10	26.522903	-0.0425
180	-32.276372	6.061927	10	26.361921	7.256058	10	26.491626	-0.1297
181	-32.264071	7.529632	10	26.515573	8.342172	10	26.589494	-0.0739
182	-32.254077	10.000000	5	26.718012	8.400000	3	26.592243	+0.1258
183	-32.247508	9.192756	10	26.655828	9.435059	10	26.674595	-0.0188
184	-32.236396	9.858872	10	26.703804	6.400000	2	26.392129	+0.3117
185	-32.234137	8.162734	10	26.567114	8.711979	10	26.614088	-0.0470
186	-32.233704	8.400000	3	26.587685	6.400000	2	26.391526	+0.1962
187	-32.204915	7.488772	10	26.498409	8.246685	10	26.567952	-0.0695
188	-32.201962	8.400000	3	26.580578	6.400000	2	26.384419	+0.1962
189	-32.184077	8.400000	3	26.576571	6.400000	2	26.380412	+0.1962
190	-32.164055	7.207967	10	26.461683	8.060517	10	26.542323	-0.0806
191	-32.163822	9.957175	10	26.694703	6.400000	2	26.375871	+0.3188
192	-32.161263	6.223819	10	26.355161	7.206437	10	26.460904	-0.1057
193	-32.157402	8.089382	10	26.543409	8.497723	10	26.578933	-0.0355
194	-32.151386	9.952947	10	26.691607	9.987831	10	26.694131	-0.0025
195	-32.141627	7.989753	10	26.530931	8.539113	10	26.578898	-0.0480
196	-32.11788	10.000000	5	26.687488	6.400000	2	26.365560	+0.3219
197	-32.102801	9.187044	10	26.622937	9.433836	10	26.642059	-0.0191
198	-32.095129	10.000000	5	26.682376	6.400000	2	26.360448	+0.3219
199	-32.094599	9.193464	10	26.621597	9.428947	10	26.639842	-0.0182
200	-32.093614	9.180769	10	26.620379	9.427189	10	26.639486	-0.0191
201	-32.089294	10.000000	5	26.681065	9.614036	10	26.652672	+0.0284
202	-32.068865	7.579292	10	26.476539	8.226462	10	26.535643	-0.0591
203	-32.067911	7.783903	10	26.495539	8.386328	10	26.549312	-0.0538
204	-32.062376	0.000000	0	-1000.000000	0.000000	0	-1000.000000	+0.0000
205	-32.05208	9.600000	4	26.643248	8.400000	3	26.546925	+0.0963
206	-32.01836	9.951312	10	26.661581	6.400000	2	26.343173	+0.3184
207	-32.010847	10.000000	5	26.663409	6.400000	2	26.341481	+0.3219
208	-31.996867	8.123180	10	26.510316	8.616322	10	26.552830	-0.0425
209	-31.991318	9.418570	10	26.615797	9.635089	10	26.632192	-0.0164
210	-31.983971	7.642138	10	26.463374	8.276596	10	26.520905	-0.0575
211	-31.968757	9.900243	10	26.646686	9.983062	10	26.652695	-0.0060
212	-31.968086	9.950330	10	26.650175	6.400000	2	26.331838	+0.3183
213	-31.962873	7.409342	10	26.436299	8.145839	10	26.504658	-0.0684
214	-31.96169	2.316059	10	25.597195	3.167378	10	25.823003	-0.2258
215	-31.921749	10.000000	6	26.643303	9.977492	10	26.641678	+0.0016
216	-31.919416	8.400000	3	26.517006	9.991652	10	26.642173	-0.1252
217	-31.906955	8.400000	3	26.514190	6.400000	2	26.318031	+0.1962
218	-31.881394	8.953391	10	26.554431	9.297632	10	26.581646	-0.0272
219	-31.876736	10.000000	6	26.633124	9.600000	4	26.603677	+0.0294
220	-31.875941	8.010010	10	26.472882	8.577854	10	26.522289	-0.0494
221	-31.871864	6.400000	2	26.310093	0.000000	0	-1000.000000	+1026.3101
222	-31.869241	2.198175	10	25.538617	2.586828	10	25.656056	-0.1174
223	-31.860271	10.000000	5	26.629397	9.991969	10	26.628818	+0.0006
224	-31.853412	8.220796	10	26.486519	8.679647	10	26.525698	-0.0392
225	-31.851033	10.000000	6	26.627305	9.612448	10	26.598793	+0.0285
226	-31.849662	10.000000	5	26.626995	6.400000	2	26.305067	+0.3219
227	-31.849015	9.948985	10	26.623159	6.400000	2	26.304920	+0.3182
228	-31.84617	8.400000	3	26.500435	3.600000	1	25.889238	+0.6112
229	-31.841928	2.421967	10	25.602369	2.575984	10	25.646841	-0.0445
230	-31.8366	7.325760	10	26.399561	8.147204	10	26.476224	-0.0767
231	-31.831302	9.955250	10	26.619600	9.981686	10	26.621513	-0.0019
232	-31.828815	10.000000	9	26.622272	3.600000	1	25.885306	+0.7370
233	-31.822178	10.000000	5	26.620767	6.400000	2	26.298839	+0.3219
234	-31.806515	9.951043	10	26.613676	6.400000	2	26.295288	+0.3184
235	-31.800473	10.000000	5	26.615846	6.400000	2	26.293918	+0.3219
236	-31.792373	8.400000	3	26.488239	6.400000	2	26.292080	+0.1962
237	-31.790714	9.456882	10	26.573350	9.649055	10	26.587861	-0.0145
238	-31.767864	10.000000	5	26.608445	6.400000	2	26.286517	+0.3219
239	-31.759055	9.953621	10	26.603091	3.600000	1	25.869479	+0.7336
240	-31.753693	9.600000	4	26.575780	6.400000	2	26.283298	+0.2925
241	-31.740473	9.600000	4	26.572776	6.400000	2	26.280295	+0.2925
242	-31.737645	9.946926	10	26.597741	6.400000	2	26.279652	+0.3181
243	-31.735378	8.400000	3	26.475295	6.400000	2	26.279137	+0.1962
244	-31.712622	10.000000	6	26.595890	9.981087	10	26.594525	+0.0014
245	-31.711468	10.000000	5	26.595628	6.400000	2	26.273700	+0.3219
246	-31.710712	9.600000	4	26.566009	8.400000	3	26.469686	+0.0963
247	-31.709008	8.400000	3	26.469299	6.400000	2	26.273140	+0.1962
248	-31.708459	7.241781	10	26.362152	7.713784	10	26.407699	-0.0455
249	-31.666465	6.400000	2	26.263456	0.000000	0	-1000.000000	+1026.2635
250	-31.663967	10.000000	5	26.584815	6.400000	2	26.262886	+0.3219
251	-31.659776	10.000000	5	26.583860	6.400000	2	26.261932	+0.3219
252	-31.65076	8.400000	3	26.456036	6.400000	2	26.259877	+0.1962
253	-31.637676	8.400000	3	26.453053	9.991776	10	26.578229	-0.1252
254	-31.635228	7.461758	10	26.367058	8.157797	10	26.431390	-0.0643
255	-31.628686	9.191097	10	26.515927	9.475255	10	26.537891	-0.0220
256	-31.616179	8.400000	3	26.448150	9.981317	10	26.572571	-0.1244
257	-31.603888	5.828667	10	26.181734	5.637078	10	26.157625	+0.0241
258	-31.597347	9.197704	10	26.509295	9.407527	10	26.525565	-0.0163
259	-31.5925	9.951351	10	26.564997	3.600000	1	25.831549	+0.7334
260	-31.579052	7.161742	10	26.324635	7.889058	10	26.394406	-0.0698
261	-31.576673	9.949202	10	26.561227	6.400000	2	26.242972	+0.3183
262	-31.568286	6.400000	2	26.241056	0.000000	0	-1000.000000	+1026.2411
263	-31.552396	9.940904	10	26.555077	6.400000	2	26.237424	+0.3177
264	-31.550404	10.000000	5	26.558897	6.400000	2	26.236969	+0.3219
265	-31.543558	9.937306	10	26.552795	6.400000	2	26.235403	+0.3174
266	-31.532812	0.000000	0	-1000.000000	0.000000	0	-1000.000000	+0.0000
267	-31.511706	3.481352	10	25.788904	3.987716	10	25.886861	-0.0980
268	-31.506349	8.515931	10	26.432936	8.961716	10	26.469741	-0.0368
269	-31.486214	8.400000	3	26.418437	6.400000	2	26.222278	+0.1962
270	-31.476914	7.361967	10	26.321157	8.138186	10	26.393465	-0.0723
271	-31.475542	10.000000	5	26.541761	6.400000	2	26.219833	+0.3219
272	-31.4748	9.600000	4	26.512144	6.400000	2	26.219662	+0.2925
273	-31.473912	9.960774	10	26.538552	6.400000	2	26.219459	+0.3191
274	-31.472829	8.400000	3	26.415369	6.400000	2	26.219211	+0.1962
275	-31.472789	3.777250	10	25.838834	4.256949	10	25.925076	-0.0862
276	-31.471759	9.961789	10	26.538132	9.984690	10	26.539788	-0.0017
277	-31.469683	9.194150	10	26.479812	9.486792	10	26.502414	-0.0226
278	-31.448633	10.000000	5	26.535591	6.400000	2	26.213663	+0.3219
279	-31.444578	9.200215	10	26.474531	9.467922	10	26.495221	-0.0207
280	-31.444247	8.999198	10	26.458519	9.380773	10	26.488474	-0.0300
281	-31.441043	7.716477	10	26.346857	8.311228	10	26.400417	-0.0536
282	-31.437501	9.182978	10	26.471554	9.422795	10	26.490151	-0.0186
283	-31.437204	9.940221	10	26.528644	6.400000	2	26.211041	+0.3176
284	-31.41776	8.400000	3	26.402737	6.400000	2	26.206578	+0.1962
285	-31.412757	10.000000	5	26.527357	0.000000	0	-1000.000000	+1026.5274
286	-31.411942	8.400000	3	26.401401	6.400000	2	26.205242	+0.1962
287	-31.397286	7.479178	10	26.314280	8.131289	10	26.374582	-0.0603
288	-31.394281	10.000000	5	26.523113	9.975922	10	26.521374	+0.0017
289	-31.381072	7.703779	10	26.331897	8.358725	10	26.390755	-0.0589
290	-31.368416	9.957404	10	26.514089	6.400000	2	26.195240	+0.3188
291	-31.367217	9.462848	10	26.477065	9.721025	10	26.496482	-0.0194
292	-31.362578	10.000000	9	26.515825	10.000000	5	26.515825	+0.0000
293	-31.356471	10.000000	5	26.514421	6.400000	2	26.192492	+0.3219
294	-31.355405	0.000000	0	-1000.000000	0.000000	0	-1000.000000	+0.0000
295	-31.352766	2.051414	10	25.370913	2.953005	10	25.633696	-0.2628
296	-31.350921	9.191533	10	26.452332	9.466201	10	26.473572	-0.0212
297	-31.334774	7.041404	10	26.256395	7.390869	10	26.291335	-0.0349
298	-31.323229	9.173804	10	26.444565	9.446081	10	26.465663	-0.0211
299	-31.323115	9.928017	10	26.501532	6.400000	2	26.184815	+0.3167
300	-31.319358	10.000000	5	26.505878	6.400000	2	26.183950	+0.3219
301	-31.307625	9.600000	4	26.473728	0.000000	0	-1000.000000	+1026.4737
302	-31.297646	6.400000	2	26.178947	0.000000	0	-1000.000000	+1026.1789
303	-31.29755	10.000000	6	26.500853	6.400000	2	26.178925	+0.3219
304	-31.290244	9.905532	10	26.492322	6.400000	2	26.177241	+0.3151
305	-31.274283	9.183632	10	26.434057	9.427579	10	26.452968	-0.0189
306	-31.254068	10.000000	6	26.490824	8.400000	3	26.365055	+0.1258
307	-31.249908	7.404497	10	26.273101	8.218569	10	26.348344	-0.0752
308	-31.248825	10.000000	5	26.489614	6.400000	2	26.167686	+0.3219
309	-31.248586	9.880243	10	26.480868	6.400000	2	26.167631	+0.3132
310	-31.239896	10.000000	6	26.487553	8.400000	3	26.361783	+0.1258
311	-31.236722	9.917023	10	26.480809	9.975869	10	26.485077	-0.0043
312	-31.234593	7.517122	10	26.280454	8.293506	10	26.351355	-0.0709
313	-31.225207	8.400000	3	26.358391	6.400000	2	26.162232	+0.1962
314	-31.222752	7.265385	10	26.253149	8.236352	10	26.343632	-0.0905
315	-31.220565	9.600000	4	26.453641	0.000000	0	-1000.000000	+1026.4536
316	-31.215563	9.178532	10	26.420100	9.453171	10	26.441367	-0.0213
317	-31.210237	7.490225	10	26.272242	8.223086	10	26.339577	-0.0673
318	-31.204165	10.000000	5	26.479298	6.400000	2	26.157369	+0.3219
319	-31.182919	9.953036	10	26.470989	6.400000	2	26.152456	+0.3185
320	-31.17468	9.943610	10	26.468399	6.400000	2	26.150550	+0.3178
321	-31.163581	10.000000	5	26.469910	6.400000	2	26.147982	+0.3219
322	-31.156836	10.000000	5	26.468348	6.400000	2	26.146420	+0.3219
323	-31.156199	10.000000	6	26.468201	9.600000	4	26.438754	+0.0294
324	-31.153298	6.400000	2	26.145601	0.000000	0	-1000.000000	+1026.1456
325	-31.151198	10.000000	5	26.467043	6.400000	2	26.145115	+0.3219
326	-31.139948	9.905173	10	26.457564	9.975320	10	26.462655	-0.0051
327	-31.137084	10.000000	5	26.463774	6.400000	2	26.141846	+0.3219
328	-31.115103	9.948085	10	26.454925	6.400000	2	26.136752	+0.3182
329	-31.112148	9.600000	4	26.428548	8.400000	3	26.332225	+0.0963
330	-31.104613	10.000000	6	26.456247	9.600000	4	26.426800	+0.0294
331	-31.103799	8.066378	10	26.301055	8.632556	10	26.349988	-0.0489
332	-31.102623	9.600000	4	26.426339	0.000000	0	-1000.000000	+1026.4263
333	-31.100627	8.120717	10	26.305162	8.685229	10	26.353641	-0.0485
334	-31.088622	8.284853	10	26.316812	8.725484	10	26.354191	-0.0374
335	-31.08365	4.062361	10	25.801579	4.730291	10	25.911385	-0.1098
336	-31.077979	8.097693	10	26.297859	8.581137	10	26.339688	-0.0418
337	-31.077194	2.781770	10	25.526923	2.916357	10	25.561005	-0.0341
338	-31.073525	8.091675	10	26.296289	8.557213	10	26.336641	-0.0404
339	-31.057926	3.201581	10	25.623840	3.972252	10	25.779426	-0.1556
340	-31.057197	9.916996	10	26.439230	9.974456	10	26.443398	-0.0042
341	-31.055841	10.000000	5	26.444928	6.400000	2	26.123000	+0.3219
342	-31.054985	1.930296	10	25.258176	2.866468	10	25.543402	-0.2852
343	-31.053564	7.863508	10	26.271021	8.453004	10	26.323167	-0.0521
344	-31.053482	8.123838	10	26.294496	8.544900	10	26.330948	-0.0365
345	-31.043082	10.000000	5	26.441964	6.400000	2	26.120035	+0.3219
346	-31.040933	8.530998	10	26.326857	8.958638	10	26.362140	-0.0353
347	-31.019936	6.051717	10	26.074291	7.355704	10	26.215051	-0.1408
348	-31.017085	7.498778	10	26.228284	8.157680	10	26.289035	-0.0608
349	-31.008659	10.000000	5	26.433960	6.400000	2	26.112032	+0.3219
350	-30.999726	0.000000	0	-1000.000000	0.000000	0	-1000.000000	+0.0000
351	-30.996894	4.037826	10	25.777048	4.575075	10	25.867156	-0.0901
352	-30.993742	9.600000	4	26.401042	6.400000	2	26.108561	+0.2925
353	-30.986038	9.937832	10	26.424198	9.979438	10	26.427211	-0.0030
354	-30.98002	10.000000	6	26.427295	9.600000	4	26.397848	+0.0294
355	-30.977509	9.164956	10	26.363810	9.415336	10	26.383252	-0.0194
356	-30.975079	10.000000	7	26.426144	8.400000	3	26.300375	+0.1258
357	-30.962277	2.068873	10	25.286621	2.798189	10	25.504445	-0.2178
358	-30.958559	8.400000	3	26.296527	6.400000	2	26.100368	+0.1962
359	-30.943998	9.916715	10	26.412870	9.980701	10	26.417509	-0.0046
360	-30.940436	9.879555	10	26.409331	9.988723	10	26.417258	-0.0079
361	-30.937807	10.000000	5	26.417459	6.400000	2	26.095531	+0.3219
362	-30.930044	0.000000	0	-1000.000000	0.000000	0	-1000.000000	+0.0000
363	-30.927393	9.600000	4	26.385584	6.400000	2	26.093103	+0.2925
364	-30.924069	8.703060	10	26.314053	9.003681	10	26.338549	-0.0245
365	-30.913422	8.099689	10	26.259741	8.655123	10	26.307584	-0.0478
366	-30.908793	9.173561	10	26.348468	9.440234	10	26.369138	-0.0207
367	-30.906583	8.400000	3	26.284406	6.400000	2	26.088247	+0.1962
368	-30.903807	7.313463	10	26.183841	8.275876	10	26.273019	-0.0892
369	-30.902471	10.000000	5	26.409216	6.400000	2	26.087287	+0.3219
370	-30.899819	10.000000	5	26.408596	6.400000	2	26.086668	+0.3219
371	-30.892866	9.199037	10	26.346751	9.415361	10	26.363517	-0.0168
372	-30.885107	7.390481	10	26.187031	8.175204	10	26.259824	-0.0728
373	-30.864592	10.000000	5	26.400368	6.400000	2	26.078440	+0.3219
374	-30.863185	10.000000	5	26.400039	3.600000	1	25.663074	+0.7370
375	-30.862073	10.000000	6	26.399779	10.000000	5	26.399779	+0.0000
376	-30.856923	9.167274	10	26.335858	9.429199	10	26.356179	-0.0203
377	-30.855237	7.592510	10	26.199506	8.308601	10	26.264520	-0.0650
378	-30.844384	8.312936	10	26.262359	8.900774	10	26.311645	-0.0493
379	-30.83366	7.399634	10	26.175898	8.197691	10	26.249780	-0.0739
380	-30.830512	9.187169	10	26.331245	9.419722	10	26.349277	-0.0180
381	-30.824411	6.400000	2	26.069043	0.000000	0	-1000.000000	+1026.0690
382	-30.823049	10.000000	5	26.390652	6.400000	2	26.068724	+0.3219
383	-30.820698	9.951281	10	26.386579	6.400000	2	26.068174	+0.3184
384	-30.814713	10.000000	5	26.388701	9.730858	10	26.369021	+0.0197
385	-30.811057	10.000000	5	26.387845	6.400000	2	26.065917	+0.3219
386	-30.806958	9.167886	10	26.324216	9.432478	10	26.344740	-0.0205
387	-30.800083	7.471036	10	26.174966	8.176658	10	26.240067	-0.0651
388	-30.797923	9.046688	10	26.312501	9.354305	10	26.336621	-0.0241
389	-30.769386	10.000000	6	26.378083	9.600000	4	26.348636	+0.0294
390	-30.7663	7.939342	10	26.210905	8.403809	10	26.251917	-0.0410
391	-30.766138	10.000000	7	26.377321	8.400000	3	26.251552	+0.1258
392	-30.762621	9.807172	10	26.362451	9.981183	10	26.375138	-0.0127
393	-30.755664	9.182005	10	26.313306	9.411440	10	26.331109	-0.0178
394	-30.754039	7.685693	10	26.184608	8.341527	10	26.243676	-0.0591
395	-30.752994	8.400000	3	26.248470	6.400000	2	26.052311	+0.1962
396	-30.751199	0.000000	0	-1000.000000	0.000000	0	-1000.000000	+0.0000
397	-30.749175	7.205543	10	26.136933	8.073201	10	26.218949	-0.0820
398	-30.742623	8.859658	10	26.284467	9.096615	10	26.303507	-0.0190
399	-30.724182	8.801326	10	26.275374	9.141330	10	26.302715	-0.0273
400	-30.723451	9.940757	10	26.363020	6.400000	2	26.045378	+0.3176
401	-30.722993	10.000000	5	26.367198	6.400000	2	26.045270	+0.3219
402	-30.714714	10.000000	5	26.365254	6.400000	2	26.043326	+0.3219
403	-30.714248	9.197268	10	26.304783	9.484307	10	26.326952	-0.0222
404	-30.70899	9.162127	10	26.300787	9.442364	10	26.322520	-0.0217
405	-30.7041	8.901462	10	26.278818	9.228138	10	26.304817	-0.0260
406	-30.702234	6.886007	10	26.093192	7.482694	10	26.153137	-0.0599
407	-30.698224	9.600000	4	26.331934	6.400000	2	26.039452	+0.2925
408	-30.696609	8.043411	10	26.203941	8.475824	10	26.241714	-0.0378
409	-30.696555	7.958547	10	26.196277	8.414784	10	26.236487	-0.0402
410	-30.694443	0.000000	0	-1000.000000	0.000000	0	-1000.000000	+0.0000
411	-30.691382	7.731273	10	26.174162	8.357468	10	26.230341	-0.0562
412	-30.690185	0.000000	0	-1000.000000	0.000000	0	-1000.000000	+0.0000
413	-30.688134	7.807241	10	26.180452	8.357969	10	26.229621	-0.0492
414	-30.686232	7.520957	10	26.153056	8.286577	10	26.222986	-0.0699
415	-30.683556	10.000000	5	26.357933	6.400000	2	26.036005	+0.3219
416	-30.675842	10.000000	8	26.356119	10.000000	5	26.356119	+0.0000
417	-30.67226	9.808414	10	26.341323	9.964971	10	26.352746	-0.0114
418	-30.661597	10.000000	5	26.352769	6.400000	2	26.030841	+0.3219
419	-30.661278	9.600000	4	26.323247	8.400000	3	26.226924	+0.0963
420	-30.655875	9.946251	10	26.347535	9.981780	10	26.350107	-0.0026
421	-30.647155	9.216927	10	26.290549	9.482339	10	26.311028	-0.0205
422	-30.646277	10.000000	5	26.349164	9.703608	10	26.327460	+0.0217
423	-30.645652	9.183799	10	26.287598	9.474959	10	26.310112	-0.0225
424	-30.644855	8.763158	10	26.253590	9.144681	10	26.284331	-0.0307
425	-30.630861	7.202287	10	26.108798	8.150491	10	26.198014	-0.0892
426	-30.625803	6.400000	2	26.022415	0.000000	0	-1000.000000	+1026.0224
427	-30.623495	9.948101	10	26.340046	6.400000	2	26.021871	+0.3182
428	-30.620814	8.400000	3	26.217398	6.400000	2	26.021240	+0.1962
429	-30.608885	7.854452	10	26.166148	8.420193	10	26.216320	-0.0502
430	-30.600234	6.062127	10	25.977266	7.468609	10	26.127774	-0.1505
431	-30.599205	9.473815	10	26.299084	9.618739	10	26.310035	-0.0110
432	-30.599084	7.544423	10	26.134788	8.325434	10	26.205846	-0.0711
433	-30.596861	9.174471	10	26.275371	9.434747	10	26.295551	-0.0202
434	-30.594662	10.000000	8	26.337004	9.600000	4	26.307557	+0.0294
435	-30.594105	5.487953	10	25.904043	5.047591	10	25.843707	+0.0603
436	-30.593926	9.955331	10	26.333601	9.978191	10	26.335256	-0.0017
437	-30.590132	9.946509	10	26.332067	3.600000	1	25.598971	+0.7331
438	-30.58797	9.600000	4	26.305979	6.400000	2	26.013498	+0.2925
439	-30.574326	9.182669	10	26.270701	9.435344	10	26.290281	-0.0196
440	-30.573372	9.945538	10	26.328044	9.984957	10	26.330897	-0.0029
441	-30.566161	9.211740	10	26.271054	9.512694	10	26.294244	-0.0232
442	-30.564998	9.473241	10	26.290972	9.618799	10	26.301971	-0.0110
443	-30.561289	10.000000	9	26.329131	3.600000	1	25.592166	+0.7370
444	-30.555655	10.000000	5	26.327802	8.400000	3	26.202032	+0.1258
445	-30.554167	10.000000	5	26.327450	6.400000	2	26.005522	+0.3219
446	-30.553603	9.877608	10	26.318434	6.400000	2	26.005389	+0.3130
447	-30.553258	8.038836	10	26.169765	8.499089	10	26.209926	-0.0402
448	-30.551819	8.103161	10	26.175174	8.622946	10	26.220022	-0.0448
449	-30.548195	7.537048	10	26.122076	8.206655	10	26.183473	-0.0614
450	-30.543105	10.000000	7	26.324838	10.000000	5	26.324838	+0.0000
451	-30.538728	8.033461	10	26.165851	8.501685	10	26.206715	-0.0409
452	-30.535464	8.046052	10	26.166210	8.515746	10	26.207136	-0.0409
453	-30.5287	9.179573	10	26.259685	9.438740	10	26.279768	-0.0201
454	-30.528583	9.211545	10	26.262165	9.515495	10	26.285583	-0.0234
455	-30.523263	2.393359	10	25.288705	2.881812	10	25.422674	-0.1340
456	-30.519041	6.302645	10	25.986167	7.651932	10	26.126101	-0.1399
457	-30.507226	10.000000	8	26.316360	9.600000	4	26.286913	+0.0294
458	-30.500868	10.000000	5	26.314856	6.400000	2	25.992928	+0.3219
459	-30.496576	9.966212	10	26.311399	6.400000	2	25.991913	+0.3195
460	-30.493303	10.000000	7	26.313067	10.000000	5	26.313067	+0.0000
461	-30.493202	7.439932	10	26.099723	8.118540	10	26.162689	-0.0630
462	-30.490434	7.577482	10	26.112283	8.308398	10	26.178709	-0.0664
463	-30.488786	10.000000	5	26.311998	6.400000	2	25.990070	+0.3219
464	-30.484043	9.600000	4	26.281429	6.400000	2	25.988948	+0.2925
465	-30.48335	8.518242	10	26.195026	8.983258	10	26.233367	-0.0383
466	-30.47743	10.000000	5	26.309311	9.671819	10	26.285240	+0.0241
467	-30.475088	7.538823	10	26.104962	8.292211	10	26.173671	-0.0687
468	-30.467368	3.645739	10	25.579070	3.899175	10	25.627549	-0.0485
469	-30.467293	10.000000	5	26.306911	6.400000	2	25.984983	+0.3219
470	-30.466481	9.953829	10	26.303381	6.400000	2	25.984791	+0.3186
471	-30.464455	9.600000	4	26.276792	3.600000	1	25.569274	+0.7075
472	-30.463889	10.000000	5	26.306105	9.978878	10	26.304580	+0.0015
473	-30.463868	10.000000	6	26.306100	8.400000	3	26.180331	+0.1258
474	-30.458244	9.865878	10	26.295028	6.400000	2	25.982840	+0.3122
475	-30.454658	9.231224	10	26.246216	9.486698	10	26.265908	-0.0197
476	-30.44956	9.945213	10	26.298748	9.976315	10	26.301001	-0.0023
477	-30.442259	9.600000	4	26.271535	6.400000	2	25.979054	+0.2925
478	-30.440568	7.511004	10	26.094120	8.363401	10	26.171662	-0.0775
479	-30.432723	9.226548	10	26.240653	9.441282	10	26.257249	-0.0166
480	-30.428467	10.000000	5	26.297713	6.400000	2	25.975785	+0.3219
481	-30.428437	9.904431	10	26.290779	9.980812	10	26.296320	-0.0055
482	-30.428159	10.000000	6	26.297640	6.400000	2	25.975712	+0.3219
483	-30.417892	9.919734	10	26.289392	9.981931	10	26.293901	-0.0045
484	-30.417072	10.000000	6	26.295011	9.600000	4	26.265564	+0.0294
485	-30.412657	10.000000	7	26.293964	0.000000	0	-1000.000000	+1026.2940
486	-30.412252	9.952617	10	26.290442	6.400000	2	25.971940	+0.3185
487	-30.411105	0.000000	0	-1000.000000	0.000000	0	-1000.000000	+0.0000
488	-30.410423	9.600000	4	26.263987	6.400000	2	25.971506	+0.2925
489	-30.409073	9.951853	10	26.289632	9.985083	10	26.292037	-0.0024
490	-30.408209	9.180804	10	26.231255	9.441493	10	26.251452	-0.0202
491	-30.407296	10.000000	6	26.292692	8.400000	3	26.166923	+0.1258
492	-30.401682	6.400000	2	25.969432	0.000000	0	-1000.000000	+1025.9694
493	-30.399754	8.400000	3	26.165133	6.400000	2	25.968975	+0.1962
494	-30.391153	8.716734	10	26.189791	9.092324	10	26.220222	-0.0304
495	-30.384133	6.400000	2	25.965267	0.000000	0	-1000.000000	+1025.9653
496	-30.379378	9.942077	10	26.281876	9.993657	10	26.285609	-0.0037
497	-30.378855	10.000000	5	26.285942	0.000000	0	-1000.000000	+1026.2859
498	-30.378023	10.000000	5	26.285744	6.400000	2	25.963816	+0.3219
499	-30.373788	7.370067	10	26.064614	8.110555	10	26.133675	-0.0691
500	-30.369572	6.289691	10	25.949268	7.102356	10	26.036922	-0.0877
501	-30.367822	2.968966	10	25.407338	3.814128	10	25.588034	-0.1807
502	-30.367384	7.996309	10	26.121921	8.528729	10	26.168419	-0.0465
503	-30.363251	9.600000	4	26.252789	6.400000	2	25.960308	+0.2925
504	-30.35905	9.996516	10	26.280986	0.000000	0	-1000.000000	+1026.2810
505	-30.356844	10.000000	5	26.280714	6.400000	2	25.958785	+0.3219
506	-30.356054	9.600000	4	26.251079	6.400000	2	25.958598	+0.2925
507	-30.352981	9.951100	10	26.276260	6.400000	2	25.957867	+0.3184
508	-30.349907	10.000000	6	26.279065	9.600000	4	26.249618	+0.0294
509	-30.349219	0.000000	0	-1000.000000	0.000000	0	-1000.000000	+0.0000
510	-30.343157	8.400000	3	26.151691	6.400000	2	25.955532	+0.1962
511	-30.342666	9.207414	10	26.217778	9.486600	10	26.239325	-0.0215
512	-30.342426	7.753980	10	26.093791	8.332409	10	26.145690	-0.0519
513	-30.342163	9.600000	4	26.247777	8.400000	3	26.151455	+0.0963
514	-30.340962	7.386818	10	26.058451	7.990960	10	26.115159	-0.0567
515	-30.340883	10.000000	5	26.276920	6.400000	2	25.954992	+0.3219
516	-30.340132	9.464329	10	26.237027	9.649457	10	26.251001	-0.0140
517	-30.338207	9.207309	10	26.216709	9.487247	10	26.238314	-0.0216
518	-30.330589	8.400000	3	26.148703	6.400000	2	25.952544	+0.1962
519	-30.329225	7.159207	10	26.033084	8.045802	10	26.117302	-0.0842
520	-30.328519	9.958210	10	26.270959	3.600000	1	25.537014	+0.7339
521	-30.324456	8.400000	3	26.147244	6.400000	2	25.951085	+0.1962
522	-30.303953	0.000000	0	-1000.000000	0.000000	0	-1000.000000	+0.0000
523	-30.291992	6.400000	2	25.943359	0.000000	0	-1000.000000	+1025.9434
524	-30.287478	9.928664	10	26.259048	6.400000	2	25.942284	+0.3168
525	-30.28287	8.400000	3	26.137345	6.400000	2	25.941186	+0.1962
526	-30.277749	8.830010	10	26.172138	9.281184	10	26.208085	-0.0359
527	-30.275621	10.000000	5	26.261387	6.400000	2	25.939459	+0.3219
528	-30.272115	10.000000	5	26.260552	6.400000	2	25.938624	+0.3219
529	-30.261981	10.000000	5	26.258137	6.400000	2	25.936209	+0.3219
530	-30.255772	10.000000	6	26.256657	9.600000	4	26.227210	+0.0294
531	-30.253142	9.945313	10	26.252074	9.978292	10	26.254462	-0.0024
532	-30.247108	8.400000	3	26.128821	6.400000	2	25.932662	+0.1962
533	-30.24071	9.218264	10	26.194348	9.488391	10	26.215182	-0.0208
534	-30.234834	9.161071	10	26.188457	9.394789	10	26.206629	-0.0182
535	-30.229114	9.996640	10	26.250056	0.000000	0	-1000.000000	+1026.2501
536	-30.228235	10.000000	5	26.250088	6.400000	2	25.928160	+0.3219
537	-30.225907	9.166561	10	26.186759	9.446419	10	26.208452	-0.0217
538	-30.225184	5.764119	10	25.851946	5.764706	10	25.852020	-0.0001
539	-30.224485	10.000000	5	26.249193	6.400000	2	25.927265	+0.3219
540	-30.22242	8.400000	3	26.122931	6.400000	2	25.926772	+0.1962
541	-30.222029	8.400000	3	26.122838	6.400000	2	25.926679	+0.1962
542	-30.218853	9.600000	4	26.218402	0.000000	0	-1000.000000	+1026.2184
543	-30.216109	8.400000	3	26.121425	6.400000	2	25.925266	+0.1962
544	-30.209762	6.118821	10	25.891341	5.574449	10	25.824129	+0.0672
545	-30.208263	9.184797	10	26.183981	9.395608	10	26.200350	-0.0164
546	-30.207384	9.435226	10	26.203175	9.625418	10	26.217571	-0.0144
547	-30.205734	9.456625	10	26.204415	9.748914	10	26.226373	-0.0220
548	-30.197804	9.600000	4	26.213376	6.400000	2	25.920895	+0.2925
549	-30.197351	9.198187	10	26.182425	9.414606	10	26.199201	-0.0168
550	-30.193046	9.227820	10	26.183717	9.507007	10	26.205218	-0.0215
551	-30.190375	10.000000	6	26.241048	9.600000	4	26.211601	+0.0294
552	-30.175365	9.937500	10	26.232938	6.400000	2	25.915533	+0.3174
553	-30.162619	9.600000	4	26.204966	9.976620	10	26.232725	-0.0278
554	-30.156188	10.000000	5	26.232875	6.400000	2	25.910947	+0.3219
555	-30.155164	8.292470	10	26.097567	8.882122	10	26.147118	-0.0496
556	-30.154483	6.996545	10	25.974824	7.640927	10	26.038377	-0.0636
557	-30.153812	8.400000	3	26.106537	9.989052	10	26.231516	-0.1250
558	-30.152491	8.400000	3	26.106221	6.400000	2	25.910062	+0.1962
559	-30.14924	4.941497	10	25.722723	4.752428	10	25.694581	+0.0281
560	-30.14609	10.000000	7	26.230459	10.000000	5	26.230459	+0.0000
561	-30.13894	10.000000	5	26.228748	6.400000	2	25.906820	+0.3219
562	-30.137233	6.412373	10	25.907804	7.343703	10	26.005629	-0.0978
563	-30.132482	10.000000	5	26.227202	6.400000	2	25.905274	+0.3219
564	-30.130325	10.000000	5	26.226686	6.400000	2	25.904758	+0.3219
565	-30.128915	2.055836	10	25.085246	2.863788	10	25.324346	-0.2391
566	-30.126046	9.951279	10	26.222138	6.400000	2	25.903733	+0.3184
567	-30.113551	10.000000	5	26.222669	6.400000	2	25.900741	+0.3219
568	-30.111514	7.307492	10	25.995905	8.087121	10	26.069030	-0.0731
569	-30.111333	9.947756	10	26.218359	9.986565	10	26.221168	-0.0028
570	-30.109736	6.845275	10	25.948345	8.003191	10	26.061078	-0.1127
571	-30.108863	10.000000	5	26.221546	9.975706	10	26.219791	+0.0018
572	-30.104179	10.000000	5	26.220423	6.400000	2	25.898495	+0.3219
573	-30.097402	10.000000	6	26.218799	9.600000	4	26.189352	+0.0294
574	-30.092955	9.957980	10	26.214696	6.400000	2	25.895805	+0.3189
575	-30.091238	9.951394	10	26.213807	3.600000	1	25.480356	+0.7335
576	-30.083489	10.000000	5	26.215464	6.400000	2	25.893536	+0.3219
577	-30.082892	9.807036	10	26.201265	9.977823	10	26.213719	-0.0125
578	-30.082506	10.000000	6	26.215228	9.600000	4	26.185781	+0.0294
579	-30.079748	9.211343	10	26.155309	9.442146	10	26.173160	-0.0179
580	-30.077496	10.000000	6	26.214027	6.400000	2	25.892099	+0.3219
581	-30.075805	10.000000	5	26.213621	6.400000	2	25.891693	+0.3219
582	-30.067534	7.470900	10	26.001314	8.163369	10	26.065256	-0.0639
583	-30.066788	8.400000	3	26.085689	6.400000	2	25.889530	+0.1962
584	-30.065807	10.000000	5	26.211223	9.974210	10	26.209360	+0.0019
585	-30.063674	10.000000	5	26.210711	8.400000	3	26.084942	+0.1258
586	-30.06362	10.000000	5	26.210698	9.668139	10	26.186353	+0.0243
587	-30.061315	9.950259	10	26.206548	6.400000	2	25.888217	+0.3183
588	-30.055216	9.806023	10	26.194552	9.969601	10	26.206485	-0.0119
589	-30.048413	10.000000	6	26.207049	9.600000	4	26.177602	+0.0294
590	-30.036108	10.000000	5	26.204094	6.400000	2	25.882166	+0.3219
591	-30.029238	9.945108	10	26.198473	9.976814	10	26.200769	-0.0023
592	-30.026954	9.186449	10	26.140685	9.470730	10	26.162669	-0.0220
593	-30.026857	8.400000	3	26.076102	6.400000	2	25.879944	+0.1962
594	-30.025943	6.130342	10	25.848672	7.202847	10	25.964972	-0.1163
595	-30.025767	9.943622	10	26.197532	6.400000	2	25.879682	+0.3178
596	-30.016811	8.400000	3	26.073689	6.400000	2	25.877530	+0.1962
597	-30.013536	7.657345	10	26.006129	8.316923	10	26.065732	-0.0596
598	-30.013234	10.000000	5	26.198598	6.400000	2	25.876670	+0.3219
599	-30.012363	5.228000	10	25.730555	6.220088	10	25.855892	-0.1253
600	-30.011727	9.600000	4	26.168789	8.400000	3	26.072467	+0.0963
601	-30.006105	8.079654	10	26.043068	8.526051	10	26.081860	-0.0388
602	-30.00585	7.710884	10	26.009308	8.290102	10	26.061554	-0.0522
603	-30.00422	10.000000	6	26.196432	8.400000	3	26.070662	+0.1258
604	-30.002798	8.400000	3	26.070320	6.400000	2	25.874162	+0.1962
605	-30.002701	10.000000	5	26.196066	6.400000	2	25.874138	+0.3219
606	-30.001567	9.189677	10	26.134837	9.433874	10	26.153755	-0.0189
607	-29.999803	9.944572	10	26.191360	9.974930	10	26.193559	-0.0022
608	-29.995909	9.194656	10	26.133867	9.448021	10	26.153475	-0.0196
609	-29.993182	8.400000	3	26.068008	6.400000	2	25.871849	+0.1962
610	-29.989247	7.185915	10	25.954453	8.166366	10	26.046714	-0.0923
611	-29.988936	9.182755	10	26.131256	9.431331	10	26.150523	-0.0193
612	-29.986058	10.000000	5	26.192064	9.978147	10	26.190486	+0.0016
613	-29.984981	9.600000	4	26.162358	0.000000	0	-1000.000000	+1026.1624
614	-29.977985	9.983381	10	26.188922	10.000000	10	26.190122	-0.0012
615	-29.976592	9.949114	10	26.186106	6.400000	2	25.867858	+0.3182
616	-29.966005	9.358534	10	26.139416	9.619139	10	26.159228	-0.0198
617	-29.956034	10.000000	5	26.184838	6.400000	2	25.862910	+0.3219
618	-29.955044	9.957908	10	26.181557	9.979922	10	26.183150	-0.0016
619	-29.95213	10.000000	5	26.183898	6.400000	2	25.861969	+0.3219
620	-29.944211	2.787105	10	25.260410	3.223844	10	25.365417	-0.1050
621	-29.942078	9.600000	4	26.152029	6.400000	2	25.859548	+0.2925
622	-29.941627	10.000000	7	26.181368	10.000000	5	26.181368	+0.0000
623	-29.939384	8.002832	10	26.020119	8.515466	10	26.064906	-0.0448
624	-29.939341	8.861640	10	26.093640	9.265482	10	26.125786	-0.0321
625	-29.93768	8.741102	10	26.083360	9.136007	10	26.115234	-0.0319
626	-29.9344	10.000000	5	26.179626	6.400000	2	25.857698	+0.3219
627	-29.934306	9.206444	10	26.119962	9.435056	10	26.137655	-0.0177
628	-29.929893	10.000000	5	26.178540	6.400000	2	25.856612	+0.3219
629	-29.926277	6.848087	10	25.904555	7.713998	10	25.990444	-0.0859
630	-29.919268	10.000000	6	26.175979	6.400000	2	25.854051	+0.3219
631	-29.91571	4.185083	10	25.546785	4.318940	10	25.569496	-0.0227
632	-29.913815	7.459184	10	25.963209	8.179599	10	26.029715	-0.0665
633	-29.905872	7.218288	10	25.937613	8.021599	10	26.013729	-0.0761
634	-29.904953	8.400000	3	26.046757	6.400000	2	25.850599	+0.1962
635	-29.899601	7.839617	10	25.995663	8.365662	10	26.042511	-0.0468
636	-29.897319	8.400000	3	26.044916	6.400000	2	25.848757	+0.1962
637	-29.893856	10.000000	5	26.169850	6.400000	2	25.847921	+0.3219
638	-29.893521	7.300734	10	25.942825	8.168814	10	26.023868	-0.0810
639	-29.888721	9.600000	4	26.139163	6.400000	2	25.846682	+0.2925
640	-29.887791	10.000000	5	26.168386	6.400000	2	25.846458	+0.3219
641	-29.875321	10.000000	5	26.165376	6.400000	2	25.843447	+0.3219
642	-29.870424	9.880635	10	26.155531	9.989571	10	26.163440	-0.0079
643	-29.869294	8.014924	10	26.004301	8.554327	10	26.051283	-0.0470
644	-29.868626	10.000000	5	26.163759	6.400000	2	25.841831	+0.3219
645	-29.866302	9.145415	10	26.098758	9.411972	10	26.119482	-0.0207
646	-29.86367	9.460593	10	26.122563	9.663770	10	26.137891	-0.0153
647	-29.863152	7.382883	10	25.943565	8.100451	10	26.010474	-0.0669
648	-29.862063	9.152962	10	26.098329	9.428932	10	26.119757	-0.0214
649	-29.856848	9.866925	10	26.151250	9.976576	10	26.159222	-0.0080
650	-29.855337	8.400000	3	26.034779	6.400000	2	25.838621	+0.1962
651	-29.851363	10.000000	6	26.159589	9.600000	4	26.130142	+0.0294
652	-29.850727	8.400000	3	26.033665	6.400000	2	25.837507	+0.1962
653	-29.848546	9.600000	4	26.129461	6.400000	2	25.836980	+0.2925
654	-29.845478	7.288464	10	25.930010	8.172655	10	26.012605	-0.0826
655	-29.84472	10.000000	5	26.157983	6.400000	2	25.836055	+0.3219
656	-29.842659	7.743013	10	25.972968	8.257923	10	26.019410	-0.0464
657	-29.841047	10.000000	5	26.157095	6.400000	2	25.835167	+0.3219
658	-29.837167	10.000000	5	26.156157	9.975158	10	26.154363	+0.0018
659	-29.837095	7.705297	10	25.968101	8.363496	10	26.027229	-0.0591
660	-29.831316	9.184550	10	26.093383	9.412737	10	26.111086	-0.0177
661	-29.823876	10.000000	6	26.152943	9.600000	4	26.123497	+0.0294
662	-29.821805	0.000000	0	-1000.000000	0.000000	0	-1000.000000	+0.0000
663	-29.820613	9.936055	10	26.147527	3.600000	1	25.415188	+0.7323
664	-29.818509	9.216578	10	26.092797	9.475392	10	26.112774	-0.0200
665	-29.816122	9.182836	10	26.089574	9.429585	10	26.108701	-0.0191
666	-29.813077	8.400000	3	26.024562	6.400000	2	25.828403	+0.1962
667	-29.812446	9.600000	4	26.120731	0.000000	0	-1000.000000	+1026.1207
668	-29.812061	10.000000	5	26.150085	6.400000	2	25.828157	+0.3219
669	-29.809851	10.000000	5	26.149550	9.981109	10	26.148186	+0.0014
670	-29.809233	8.707378	10	26.049556	9.016189	10	26.074696	-0.0251
671	-29.80767	9.946192	10	26.145131	6.400000	2	25.827094	+0.3180
672	-29.806104	7.267939	10	25.918453	8.090200	10	25.995767	-0.0773
673	-29.802698	10.000000	5	26.147819	6.400000	2	25.825891	+0.3219
674	-29.801818	9.182594	10	26.086093	9.459599	10	26.107532	-0.0214
675	-29.795444	7.441285	10	25.932875	8.131526	10	25.996862	-0.0640
676	-29.79489	10.000000	5	26.145929	6.400000	2	25.824001	+0.3219
677	-29.7923	8.400000	3	26.019533	6.400000	2	25.823374	+0.1962
678	-29.788065	7.372715	10	25.924411	8.229269	10	26.003695	-0.0793
679	-29.78508	6.200521	10	25.798784	7.284454	10	25.915000	-0.1162
680	-29.779371	7.308254	10	25.915970	8.223291	10	26.001065	-0.0851
681	-29.777944	8.515501	10	26.025907	8.984950	10	26.064616	-0.0387
682	-29.775344	9.949431	10	26.137538	3.600000	1	25.404230	+0.7333
683	-29.773815	9.958170	10	26.137801	9.979034	10	26.139311	-0.0015
684	-29.769946	8.400000	3	26.014118	6.400000	2	25.817959	+0.1962
685	-29.765072	8.238909	10	25.998969	8.771001	10	26.044113	-0.0451
686	-29.762039	10.000000	6	26.137971	6.400000	2	25.816043	+0.3219
687	-29.761594	7.349772	10	25.915749	8.161095	10	25.991281	-0.0755
688	-29.760058	7.270743	10	25.907579	8.043937	10	25.980478	-0.0729
689	-29.759581	10.000000	5	26.137376	6.400000	2	25.815447	+0.3219
690	-29.758258	8.400000	3	26.011286	6.400000	2	25.815127	+0.1962
691	-29.749333	8.628538	10	26.028485	8.939545	10	26.054028	-0.0255
692	-29.743414	7.280955	10	25.904556	8.278047	10	25.997137	-0.0926
693	-29.72675	9.149800	10	26.065319	9.413680	10	26.085829	-0.0205
694	-29.723787	10.000000	6	26.128694	9.600000	4	26.099247	+0.0294
695	-29.717439	9.600000	4	26.097707	6.400000	2	25.805225	+0.2925
696	-29.714217	10.000000	5	26.126371	6.400000	2	25.804443	+0.3219
697	-29.703575	10.000000	5	26.123787	6.400000	2	25.801859	+0.3219
698	-29.703176	9.942243	10	26.119512	6.400000	2	25.801762	+0.3178
699	-29.699836	9.600000	4	26.093433	0.000000	0	-1000.000000	+1026.0934
700	-29.69939	5.911775	10	25.743603	7.232973	10	25.889101	-0.1455
701	-29.698621	10.000000	5	26.122584	6.400000	2	25.800656	+0.3219
702	-29.698332	9.600000	4	26.093067	6.400000	2	25.800586	+0.2925
703	-29.69701	10.000000	5	26.122193	6.400000	2	25.800265	+0.3219
704	-29.694817	9.211507	10	26.062415	9.477105	10	26.082919	-0.0205
705	-29.694602	7.316476	10	25.896218	8.128365	10	25.972127	-0.0759
706	-29.688887	9.600000	4	26.090773	3.600000	1	25.383254	+0.7075
707	-29.688238	10.000000	6	26.120062	9.984475	10	26.118941	+0.0011
708	-29.680532	10.000000	6	26.118189	10.000000	5	26.118189	+0.0000
709	-29.675389	7.382330	10	25.898013	8.116498	10	25.966404	-0.0684
710	-29.673495	9.600000	4	26.087032	8.400000	3	25.990709	+0.0963
711	-29.673479	10.000000	6	26.116475	9.612563	10	26.087971	+0.0285
712	-29.67183	10.000000	5	26.116074	6.400000	2	25.794146	+0.3219
713	-29.671374	10.000000	5	26.115963	3.600000	1	25.378998	+0.7370
714	-29.666407	7.213556	10	25.879147	8.193884	10	25.971065	-0.0919
715	-29.665976	9.600000	4	26.085204	8.400000	3	25.988881	+0.0963
716	-29.660257	9.600000	4	26.083813	8.400000	3	25.987491	+0.0963
717	-29.659437	9.918865	10	26.107184	6.400000	2	25.791132	+0.3161
718	-29.657256	8.966573	10	26.033844	9.316403	10	26.061453	-0.0276
719	-29.654185	7.413263	10	25.895873	8.189709	10	25.967725	-0.0719
720	-29.651834	10.000000	6	26.111211	9.618167	10	26.083128	+0.0281
721	-29.650638	7.403357	10	25.894046	8.197506	10	25.967549	-0.0735
722	-29.650125	8.400000	3	25.985026	8.400000	3	25.985026	+0.0000
723	-29.648175	9.955427	10	26.107099	6.400000	2	25.788393	+0.3187
724	-29.646089	10.000000	5	26.109813	9.982762	10	26.108569	+0.0012
725	-29.642681	7.382005	10	25.890027	8.189875	10	25.964941	-0.0749
726	-29.640984	9.600000	4	26.079124	6.400000	2	25.786643	+0.2925
727	-29.639382	7.266476	10	25.877845	8.060250	10	25.952630	-0.0748
728	-29.638601	10.000000	5	26.107991	6.400000	2	25.786063	+0.3219
729	-29.635485	10.000000	6	26.107233	9.373677	10	26.060576	+0.0467
730	-29.633378	8.959634	10	26.027476	9.347441	10	26.058042	-0.0306
731	-29.63049	7.224046	10	25.871456	8.262581	10	25.968349	-0.0969
732	-29.625194	8.400000	3	25.978958	6.400000	2	25.782799	+0.1962
733	-29.622631	8.044973	10	25.947183	8.530178	10	25.989427	-0.0422
734	-29.622488	9.456200	10	26.063735	0.000000	0	-1000.000000	+1026.0637
735	-29.616183	10.000000	5	26.102533	6.400000	2	25.780605	+0.3219
736	-29.615013	9.954810	10	26.098981	6.400000	2	25.780320	+0.3187
737	-29.604125	9.600000	4	26.070149	6.400000	2	25.777667	+0.2925
738	-29.603266	9.184706	10	26.038039	9.422682	10	26.056491	-0.0185
739	-29.598586	9.952810	10	26.094834	3.600000	1	25.361280	+0.7336
740	-29.595519	10.000000	6	26.097498	3.600000	1	25.360533	+0.7370
741	-29.594778	8.400000	3	25.971548	6.400000	2	25.775390	+0.1962
742	-29.593311	9.944786	10	26.092966	6.400000	2	25.775032	+0.3179
743	-29.589995	10.000000	5	26.096152	6.400000	2	25.774224	+0.3219
744	-29.589496	9.231148	10	26.038321	9.531491	10	26.061417	-0.0231
745	-29.589476	7.606650	10	25.898692	8.317978	10	25.963178	-0.0645
746	-29.589381	9.951445	10	26.092491	3.600000	1	25.359037	+0.7335
747	-29.588045	10.000000	5	26.095676	8.400000	3	25.969907	+0.1258
748	-29.586527	10.000000	6	26.095306	9.600000	4	26.065859	+0.0294
749	-29.586287	10.000000	5	26.095248	9.982325	10	26.093972	+0.0013
750	-29.583563	10.000000	5	26.094584	8.400000	3	25.968814	+0.1258
751	-29.58227	8.086109	10	25.941027	8.499976	10	25.977034	-0.0360
752	-29.581858	9.600000	4	26.064721	6.400000	2	25.772240	+0.2925
753	-29.579875	1.926647	10	24.905767	2.866471	10	25.192358	-0.2866
754	-29.578177	9.181265	10	26.031653	9.439702	10	26.051677	-0.0200
755	-29.576926	10.000000	5	26.092965	6.400000	2	25.771037	+0.3219
756	-29.576894	8.389684	10	25.966302	8.943237	10	26.012392	-0.0461
757	-29.576161	8.400000	3	25.967009	6.400000	2	25.770850	+0.1962
758	-29.573933	10.000000	5	26.092235	0.000000	0	-1000.000000	+1026.0922
759	-29.571397	10.000000	5	26.091617	6.400000	2	25.769688	+0.3219
760	-29.570977	8.400000	3	25.965745	6.400000	2	25.769586	+0.1962
761	-29.555657	9.963531	10	26.085140	3.600000	1	25.350810	+0.7343
762	-29.553141	8.400000	3	25.961393	9.612979	10	26.058690	-0.0973
763	-29.552945	10.000000	8	26.087114	0.000000	0	-1000.000000	+1026.0871
764	-29.551228	9.600000	4	26.057248	6.400000	2	25.764767	+0.2925
765	-29.550296	9.497771	10	26.049298	8.400000	3	25.960698	+0.0886
766	-29.550095	10.000000	5	26.086418	0.000000	0	-1000.000000	+1026.0864
767	-29.549742	7.318107	10	25.861103	8.306069	10	25.952451	-0.0913
768	-29.547012	10.000000	5	26.085666	0.000000	0	-1000.000000	+1026.0857
769	-29.546432	8.104593	10	25.933930	8.599808	10	25.976712	-0.0428
770	-29.546036	7.366741	10	25.864977	8.239477	10	25.945740	-0.0808
771	-29.543212	10.000000	5	26.084738	6.400000	2	25.762810	+0.3219
772	-29.536998	9.932478	10	26.078333	9.983954	10	26.082062	-0.0037
773	-29.527404	10.000000	5	26.080877	6.400000	2	25.758949	+0.3219
774	-29.526198	10.000000	5	26.080583	6.400000	2	25.758654	+0.3219
775	-29.524031	10.000000	5	26.080053	6.400000	2	25.758125	+0.3219
776	-29.521586	6.400000	2	25.757528	0.000000	0	-1000.000000	+1025.7575
777	-29.510086	10.000000	5	26.076645	6.400000	2	25.754717	+0.3219
778	-29.507311	9.600000	4	26.046520	6.400000	2	25.754039	+0.2925
779	-29.506383	8.400000	3	25.949971	9.624541	10	26.048135	-0.0982
780	-29.506182	10.000000	5	26.075691	6.400000	2	25.753763	+0.3219
781	-29.505099	8.400000	3	25.949657	6.400000	2	25.753498	+0.1962
782	-29.503901	9.179921	10	26.013410	9.425037	10	26.032418	-0.0190
783	-29.502901	7.981059	10	25.912215	8.448357	10	25.953260	-0.0410
784	-29.501511	7.641308	10	25.880494	8.208885	10	25.932178	-0.0517
785	-29.500315	9.148143	10	26.010032	9.403800	10	26.029914	-0.0199
786	-29.496896	0.000000	0	-1000.000000	0.000000	0	-1000.000000	+0.0000
787	-29.496569	4.337269	10	25.470770	4.427806	10	25.485672	-0.0149
788	-29.494735	7.441610	10	25.859735	8.197398	10	25.929511	-0.0698
789	-29.494496	7.328854	10	25.848663	8.100580	10	25.920882	-0.0722
790	-29.487407	9.191801	10	26.010309	9.454492	10	26.030635	-0.0203
791	-29.486596	9.881168	10	26.062278	8.400000	3	25.945132	+0.1171
792	-29.485249	10.000000	5	26.070571	0.000000	0	-1000.000000	+1026.0706
793	-29.482476	0.000000	0	-1000.000000	0.000000	0	-1000.000000	+0.0000
794	-29.481839	7.469044	10	25.859235	8.240870	10	25.930171	-0.0709
795	-29.477589	10.000000	5	26.068697	9.632736	10	26.041706	+0.0270
796	-29.475819	10.000000	5	26.068264	6.400000	2	25.746336	+0.3219
797	-29.471766	10.000000	6	26.067272	9.600000	4	26.037825	+0.0294
798	-29.467865	9.600000	4	26.036870	8.400000	3	25.940548	+0.0963
799	-29.463534	10.000000	5	26.065257	0.000000	0	-1000.000000	+1026.0653
800	-29.462541	8.088420	10	25.911979	8.442260	10	25.942864	-0.0309
801	-29.45843	8.387896	10	25.937198	8.825923	10	25.973917	-0.0367
802	-29.455017	8.028394	10	25.904763	8.503414	10	25.946228	-0.0415
803	-29.454247	10.000000	5	26.062983	6.400000	2	25.741055	+0.3219
804	-29.451573	9.600000	4	26.032881	6.400000	2	25.740400	+0.2925
805	-29.443548	10.000000	5	26.060362	6.400000	2	25.738434	+0.3219
806	-29.442877	8.865907	10	25.973368	9.269984	10	26.005517	-0.0321
807	-29.440824	7.630914	10	25.864659	8.358741	10	25.930374	-0.0657
808	-29.44004	8.400000	3	25.933733	6.400000	2	25.737575	+0.1962
809	-29.438883	8.400000	3	25.933450	6.400000	2	25.737291	+0.1962
810	-29.436808	7.322690	10	25.833934	8.040492	10	25.901389	-0.0675
811	-29.427572	9.600000	4	26.027000	6.400000	2	25.734519	+0.2925
812	-29.427051	9.508982	10	26.020001	9.661881	10	26.031507	-0.0115
813	-29.426981	9.600000	4	26.026855	6.400000	2	25.734374	+0.2925
814	-29.426682	10.000000	5	26.056229	6.400000	2	25.734301	+0.3219
815	-29.424951	9.951674	10	26.052310	6.400000	2	25.733876	+0.3184
816	-29.424676	10.000000	6	26.055737	9.600000	4	26.026290	+0.0294
817	-29.42391	10.000000	6	26.055549	10.000000	5	26.055549	+0.0000
818	-29.420305	3.866466	10	25.369209	4.249727	10	25.437387	-0.0682
819	-29.420207	9.222213	10	25.996234	9.473007	10	26.015589	-0.0194
820	-29.41789	7.972682	10	25.890642	8.506790	10	25.937417	-0.0468
821	-29.417022	10.000000	6	26.053861	8.400000	3	25.928091	+0.1258
822	-29.414651	4.170752	10	25.422469	4.302162	10	25.444846	-0.0224
823	-29.411088	8.400000	3	25.926636	6.400000	2	25.730477	+0.1962
824	-29.411015	10.000000	6	26.052387	9.600000	4	26.022941	+0.0294
825	-29.410287	9.958531	10	26.049211	3.600000	1	25.315243	+0.7340
826	-29.409685	10.000000	5	26.052061	8.400000	3	25.926292	+0.1258
827	-29.409216	7.186381	10	25.813615	8.269181	10	25.914854	-0.1012
828	-29.408936	7.547092	10	25.848874	8.298462	10	25.917335	-0.0685
829	-29.408637	7.606161	10	25.854424	8.300975	10	25.917480	-0.0631
830	-29.407669	9.949875	10	26.047942	9.986897	10	26.050621	-0.0027
831	-29.400923	8.509705	10	25.933502	8.988571	10	25.972994	-0.0395
832	-29.396684	8.288790	10	25.913488	8.872787	10	25.962601	-0.0491
833	-29.388317	10.000000	5	26.046818	6.400000	2	25.724890	+0.3219
834	-29.384708	7.461729	10	25.834723	8.213383	10	25.903957	-0.0692
835	-29.378442	10.000000	5	26.044394	6.400000	2	25.722466	+0.3219
836	-29.371172	6.110801	10	25.687325	7.300123	10	25.815605	-0.1283
837	-29.366941	10.000000	6	26.041569	10.000000	5	26.041569	+0.0000
838	-29.365035	10.000000	5	26.041101	6.400000	2	25.719173	+0.3219
839	-29.36463	5.440938	10	25.601965	4.861832	10	25.520788	+0.0812
840	-29.361353	9.600000	4	26.010750	9.991449	10	26.039580	-0.0288
841	-29.357594	9.933047	10	26.034427	9.990201	10	26.038566	-0.0041
842	-29.35434	10.000000	5	26.038474	6.400000	2	25.716546	+0.3219
843	-29.352481	8.459201	10	25.917313	8.978978	10	25.960328	-0.0430
844	-29.349348	10.000000	5	26.037247	6.400000	2	25.715319	+0.3219
845	-29.347587	10.000000	6	26.036814	9.600000	4	26.007367	+0.0294
846	-29.347517	9.937254	10	26.032256	6.400000	2	25.714869	+0.3174
847	-29.347385	9.957509	10	26.033693	9.975244	10	26.034976	-0.0013
848	-29.340428	7.690828	10	25.845660	8.308011	10	25.901342	-0.0557
849	-29.339524	5.225887	10	25.566706	5.252701	10	25.570398	-0.0037
850	-29.336688	8.077489	10	25.880124	8.561147	10	25.922073	-0.0419
851	-29.335952	10.000000	5	26.033954	6.400000	2	25.712025	+0.3219
852	-29.335808	10.000000	5	26.033918	6.400000	2	25.711990	+0.3219
853	-29.333859	8.186548	10	25.889102	8.752064	10	25.937286	-0.0482
854	-29.330759	10.000000	5	26.032677	6.400000	2	25.710748	+0.3219
855	-29.324646	9.166566	10	25.968400	9.444643	10	25.989957	-0.0216
856	-29.317882	10.000000	5	26.029509	6.400000	2	25.707581	+0.3219
857	-29.316539	8.400000	3	25.903409	9.974701	10	26.027351	-0.1239
858	-29.316419	9.200678	10	25.969055	9.427969	10	25.986658	-0.0176
859	-29.315152	10.000000	8	26.028837	9.600000	4	25.999390	+0.0294
860	-29.31458	10.000000	6	26.028696	9.600000	4	25.999250	+0.0294
861	-29.313846	10.000000	6	26.028516	8.400000	3	25.902746	+0.1258
862	-29.311794	9.600000	4	25.998564	9.975829	10	26.026265	-0.0277
863	-29.309038	10.000000	6	26.027333	8.400000	3	25.901563	+0.1258
864	-29.308582	10.000000	5	26.027220	6.400000	2	25.705292	+0.3219
865	-29.304467	9.600000	4	25.996761	0.000000	0	-1000.000000	+1025.9968
866	-29.301701	9.600000	4	25.996080	6.400000	2	25.703599	+0.2925
867	-29.301165	10.000000	5	26.025395	6.400000	2	25.703467	+0.3219
868	-29.300318	9.175193	10	25.963091	9.412920	10	25.981543	-0.0185
869	-29.299702	10.000000	6	26.025034	9.600000	4	25.995588	+0.0294
870	-29.297785	10.000000	9	26.024563	10.000000	5	26.024563	+0.0000
871	-29.294728	8.400000	3	25.898040	6.400000	2	25.701882	+0.1962
872	-29.29298	10.000000	5	26.023379	6.400000	2	25.701451	+0.3219
873	-29.290701	8.400000	3	25.897049	0.000000	0	-1000.000000	+1025.8970
874	-29.290312	10.000000	5	26.022722	6.400000	2	25.700794	+0.3219
875	-29.288396	8.350597	10	25.892226	8.807564	10	25.930658	-0.0384
876	-29.286492	9.954218	10	26.018471	9.988524	10	26.020953	-0.0025
877	-29.284503	9.600000	4	25.991845	8.400000	3	25.895522	+0.0963
878	-29.284458	9.958226	10	26.018261	3.600000	1	25.284315	+0.7339
879	-29.28375	7.135374	10	25.777637	7.879668	10	25.849209	-0.0716
880	-29.281483	8.400000	3	25.894778	6.400000	2	25.698620	+0.1962
881	-29.280087	7.611204	10	25.823302	8.282895	10	25.884307	-0.0610
882	-29.273405	10.000000	5	26.018557	6.400000	2	25.696629	+0.3219
883	-29.267414	9.952555	10	26.013650	9.979368	10	26.015591	-0.0019
884	-29.266613	8.802952	10	25.924913	9.229508	10	25.959046	-0.0341
885	-29.266248	9.236182	10	25.959478	9.482655	10	25.978475	-0.0190
886	-29.266144	9.894771	10	26.009137	9.977533	10	26.015145	-0.0060
887	-29.263793	8.023760	10	25.857364	8.488148	10	25.897949	-0.0406
888	-29.262933	0.000000	0	-1000.000000	0.000000	0	-1000.000000	+0.0000
889	-29.255623	9.953511	10	26.010813	6.400000	2	25.692246	+0.3186
890	-29.255584	9.600000	4	25.984718	6.400000	2	25.692237	+0.2925
891	-29.253782	6.215605	10	25.670704	7.116025	10	25.768292	-0.0976
892	-29.253596	9.168548	10	25.951057	9.435310	10	25.971745	-0.0207
893	-29.253441	7.300593	10	25.786679	8.128427	10	25.864160	-0.0775
894	-29.252588	9.236255	10	25.956116	9.482726	10	25.975113	-0.0190
895	-29.250683	9.934557	10	26.008220	9.975734	10	26.011204	-0.0030
896	-29.248428	9.600000	4	25.982953	6.400000	2	25.690472	+0.2925
897	-29.245941	10.000000	5	26.011787	6.400000	2	25.689858	+0.3219
898	-29.245615	7.545598	10	25.808560	8.311447	10	25.878292	-0.0697
899	-29.242136	9.600000	4	25.981401	6.400000	2	25.688920	+0.2925
900	-29.239474	10.000000	8	26.010191	9.600000	4	25.980744	+0.0294
901	-29.237725	10.000000	5	26.009760	6.400000	2	25.687832	+0.3219
902	-29.236204	9.239052	10	25.952293	9.495457	10	25.972039	-0.0197
903	-29.230193	3.955897	10	25.338940	4.118070	10	25.367921	-0.0290
904	-29.224861	7.333003	10	25.782823	8.088425	10	25.853551	-0.0707
905	-29.224201	10.000000	6	26.006422	8.400000	3	25.880653	+0.1258
906	-29.220734	9.236257	10	25.948257	9.482757	10	25.967256	-0.0190
907	-29.220446	5.493798	10	25.573433	6.467074	10	25.691088	-0.1177
908	-29.2196	9.950873	10	26.001734	9.983614	10	26.004104	-0.0024
909	-29.217296	7.973345	10	25.841346	8.422315	10	25.880862	-0.0395
910	-29.214739	9.600000	4	25.974640	8.400000	3	25.878317	+0.0963
911	-29.212596	9.600000	4	25.974111	6.400000	2	25.681629	+0.2925
912	-29.212409	10.000000	5	26.003511	8.400000	3	25.877742	+0.1258
913	-29.211494	8.400000	3	25.877516	6.400000	2	25.681357	+0.1962
914	-29.210219	9.157130	10	25.939454	9.452216	10	25.962333	-0.0229
915	-29.209649	10.000000	5	26.002830	6.400000	2	25.680902	+0.3219
916	-29.205792	10.000000	6	26.001877	9.600000	4	25.972430	+0.0294
917	-29.203599	8.069638	10	25.846623	8.455898	10	25.880350	-0.0337
918	-29.202317	2.347472	10	24.955609	2.864952	10	25.099310	-0.1437
919	-29.201303	10.000000	7	26.000768	9.600000	4	25.971321	+0.0294
920	-29.200081	8.144531	10	25.852418	8.572626	10	25.889371	-0.0370
921	-29.200052	7.534203	10	25.796223	8.251626	10	25.861834	-0.0656
922	-29.198394	4.424616	10	25.411862	5.194592	10	25.527591	-0.1157
923	-29.198365	8.241736	10	25.860553	8.834007	10	25.910612	-0.0501
924	-29.196931	10.000000	5	25.999688	6.400000	2	25.677760	+0.3219
925	-29.19631	9.947309	10	25.995724	9.989479	10	25.998775	-0.0031
926	-29.192304	9.949098	10	25.994864	9.985585	10	25.997504	-0.0026
927	-29.192116	10.000000	6	25.998498	9.600000	4	25.969052	+0.0294
928	-29.190469	9.944501	10	25.994077	6.400000	2	25.676163	+0.3179
929	-29.188943	8.400000	3	25.871945	6.400000	2	25.675786	+0.1962
930	-29.185905	10.000000	8	25.996964	9.600000	4	25.967517	+0.0294
931	-29.183901	9.899995	10	25.989218	6.400000	2	25.674540	+0.3147
932	-29.18359	10.000000	6	25.996391	3.600000	1	25.259426	+0.7370
933	-29.180801	7.543283	10	25.792334	8.257055	10	25.857552	-0.0652
934	-29.180486	8.372350	10	25.867476	8.850316	10	25.907525	-0.0400
935	-29.179844	10.000000	6	25.995465	9.600000	4	25.966019	+0.0294
936	-29.17691	8.186116	10	25.850366	8.798315	10	25.902390	-0.0520
937	-29.175708	9.239194	10	25.937362	9.496914	10	25.957208	-0.0198
938	-29.172425	10.000000	5	25.993631	6.400000	2	25.671703	+0.3219
939	-29.171576	6.080316	10	25.634530	7.107983	10	25.747177	-0.1126
940	-29.171094	7.383936	10	25.774533	8.165022	10	25.847066	-0.0725
941	-29.170229	9.952927	10	25.989684	9.982430	10	25.991820	-0.0021
942	-29.16453	3.896976	10	25.311892	4.265314	10	25.377041	-0.0651
943	-29.163807	10.000000	5	25.991500	6.400000	2	25.669572	+0.3219
944	-29.162684	9.151977	10	25.927300	9.406431	10	25.947082	-0.0198
945	-29.160798	5.882392	10	25.607993	5.479221	10	25.556777	+0.0512
946	-29.158743	8.400000	3	25.864478	6.400000	2	25.668319	+0.1962
947	-29.151515	-100.000000	1	-1000.000000	-100.000000	1	-1000.000000	+0.0000
948	-29.151034	10.000000	8	25.988340	10.000000	5	25.988340	+0.0000
949	-29.145914	8.400000	3	25.861303	6.400000	2	25.665145	+0.1962
950	-29.144282	8.048954	10	25.830105	8.649182	10	25.881987	-0.0519
951	-29.142479	9.893119	10	25.978471	9.986995	10	25.985284	-0.0068
952	-29.142474	-100.000000	1	-1000.000000	-100.000000	1	-1000.000000	+0.0000
953	-29.14194	9.948741	10	25.982382	9.986274	10	25.985098	-0.0027
954	-29.140753	9.930874	10	25.980792	6.400000	2	25.663867	+0.3169
955	-29.136576	9.189117	10	25.923760	9.429922	10	25.942420	-0.0187
956	-29.13549	10.000000	5	25.984492	9.605504	10	25.955459	+0.0290
957	-29.13341	9.878330	10	25.975147	9.987376	10	25.983066	-0.0079
958	-29.13319	9.857789	10	25.973591	8.400000	3	25.858154	+0.1154
959	-29.130759	8.400000	3	25.857552	6.400000	2	25.661393	+0.1962
960	-29.13047	0.000000	0	-1000.000000	0.000000	0	-1000.000000	+0.0000
961	-29.129822	9.208400	10	25.923600	9.475696	10	25.944241	-0.0206
962	-29.129156	9.178603	10	25.921097	9.407366	10	25.938855	-0.0178
963	-29.126037	10.000000	6	25.982152	9.600000	4	25.952705	+0.0294
964	-29.125782	10.000000	5	25.982088	6.400000	2	25.660160	+0.3219
965	-29.124722	8.635467	10	25.875999	8.986302	10	25.904726	-0.0287
966	-29.123622	9.161302	10	25.918366	9.428996	10	25.939141	-0.0208
967	-29.122783	9.600000	4	25.951899	6.400000	2	25.659418	+0.2925
968	-29.122712	10.000000	6	25.981328	9.600000	4	25.951881	+0.0294
969	-29.122244	8.400000	3	25.855443	6.400000	2	25.659284	+0.1962
970	-29.115797	9.824076	10	25.966812	6.400000	2	25.657687	+0.3091
971	-29.115332	9.838075	10	25.967724	6.400000	2	25.657572	+0.3102
972	-29.102105	10.000000	6	25.976222	9.600000	4	25.946775	+0.0294
973	-29.097273	10.000000	5	25.975024	6.400000	2	25.653096	+0.3219
974	-29.09664	7.201810	10	25.738083	8.102041	10	25.823046	-0.0850
975	-29.092214	9.907401	10	25.967059	6.400000	2	25.651842	+0.3152
976	-29.087805	3.361602	10	25.186287	3.344034	10	25.182507	+0.0038
977	-29.087025	10.000000	6	25.972483	9.600000	4	25.943036	+0.0294
978	-29.083605	7.242641	10	25.738929	7.715327	10	25.784535	-0.0456
979	-29.081788	8.804565	10	25.879346	9.267756	10	25.916330	-0.0370
980	-29.07703	10.000000	5	25.970004	6.400000	2	25.648076	+0.3219
981	-29.073742	10.000000	5	25.969188	6.400000	2	25.647260	+0.3219
982	-29.072851	6.653394	10	25.675049	7.502534	10	25.761692	-0.0866
983	-29.069524	9.208500	10	25.908661	9.476674	10	25.929368	-0.0207
984	-29.065767	10.000000	6	25.967209	6.400000	2	25.645281	+0.3219
985	-29.065446	8.031422	10	25.808993	8.586137	10	25.857170	-0.0482
986	-29.063833	10.000000	5	25.966729	6.400000	2	25.644801	+0.3219
987	-29.058033	10.000000	6	25.965290	6.400000	2	25.643362	+0.3219
988	-29.0573	10.000000	6	25.965108	0.000000	0	-1000.000000	+1025.9651
989	-29.052002	9.836895	10	25.951930	6.400000	2	25.641864	+0.3101
990	-29.050842	9.936862	10	25.958936	6.400000	2	25.641576	+0.3174
991	-29.050629	10.000000	6	25.963452	9.600000	4	25.934005	+0.0294
992	-29.048741	8.104814	10	25.811408	8.636643	10	25.857254	-0.0458
993	-29.048688	10.000000	5	25.962970	9.642690	10	25.936723	+0.0262
994	-29.048162	8.400000	3	25.837070	6.400000	2	25.640911	+0.1962
995	-29.047063	10.000000	5	25.962566	6.400000	2	25.640638	+0.3219
996	-29.046067	9.208007	10	25.902799	9.475916	10	25.923487	-0.0207
997	-29.045428	9.478307	10	25.923511	9.653692	10	25.936736	-0.0132
998	-29.044537	9.600000	4	25.932492	6.400000	2	25.640011	+0.2925
999	-29.043957	9.359096	10	25.914015	0.000000	0	-1000.000000	+1025.9140
1000	-29.039678	0.000000	0	-1000.000000	0.000000	0	-1000.000000	+0.0000
