mol_index_in_input	Score	Spheres	CapScore	MergedScore
1	-42.213435	10	8.139992	28.510665
2	-40.824736	10	8.142733	28.269615
3	-38.456194	10	9.208017	27.927166
4	-38.168356	10	9.191713	27.871693
5	-37.899897	10	7.629029	27.686360
6	-37.879962	5	10.000000	27.877779
7	-37.659212	10	9.163034	27.772567
8	-37.614231	10	9.192729	27.766280
9	-37.462121	5	10.000000	27.797767
10	-37.304438	10	7.515396	27.561301
11	-37.204305	5	10.000000	27.747952
12	-36.622102	10	8.182924	27.489522
13	-36.558792	10	7.549216	27.418896
14	-36.410022	5	10.000000	27.592283
15	-36.238422	10	9.188394	27.497148
16	-36.14643	10	9.166439	27.477087
17	-36.056649	10	9.150675	27.457906
18	-36.056233	5	10.000000	27.521848
19	-36.052431	10	9.203322	27.461201
20	-36.039152	3	8.400000	27.392660
21	-35.980208	5	10.000000	27.506622
22	-35.975505	10	7.324305	27.281061
23	-35.933092	10	7.843416	27.321947
24	-35.905412	10	9.952430	27.488171
25	-35.794157	10	9.208294	27.409728
26	-35.762212	5	10.000000	27.462784
27	-35.760175	10	2.359889	26.420769
28	-35.622598	10	8.941049	27.353826
29	-35.620322	5	10.000000	27.434107
30	-35.595319	10	8.127209	27.279458
31	-35.594631	5	10.000000	27.428903
32	-35.568565	10	8.057065	27.267782
33	-35.470692	10	2.114070	26.282790
34	-35.416135	10	2.041373	26.246444
35	-35.404279	10	9.204376	27.330419
36	-35.388891	10	9.208101	27.327575
37	-35.358472	10	9.149763	27.316787
38	-35.354236	10	9.953396	27.376650
39	-35.338698	10	7.563881	27.175448
40	-35.30336	10	9.212992	27.310503
41	-35.20143	10	6.999116	27.091397
42	-35.197939	10	8.990857	27.271325
43	-35.16579	10	9.204723	27.281691
44	-35.105112	5	10.000000	27.329010
45	-35.097335	10	9.193699	27.266771
46	-35.004086	10	9.197773	27.247899
47	-34.998287	10	9.212816	27.247883
48	-34.943758	10	9.190935	27.234920
49	-34.892916	5	10.000000	27.285275
50	-34.874876	10	9.212817	27.222402
51	-34.841681	5	10.000000	27.274676
52	-34.781341	10	8.516091	27.146304
53	-34.753099	10	9.190660	27.195433
54	-34.62673	10	7.584230	27.030573
55	-34.591559	10	7.378624	27.003417
56	-34.568701	10	9.205351	27.158209
57	-34.359463	5	10.000000	27.174142
58	-34.342168	10	5.476818	26.736215
59	-34.294997	5	10.000000	27.160595
60	-34.28877	10	9.205532	27.099572
61	-34.248297	10	9.177720	27.088870
62	-34.244809	0	0.000000	-1000.000000
63	-34.195005	10	9.119865	27.073075
64	-34.15707	7	10.000000	27.131526
65	-34.14489	0	0.000000	-1000.000000
66	-34.102606	10	8.223557	26.978932
67	-34.099404	3	8.400000	26.993568
68	-34.091567	10	8.116676	26.967160
69	-34.068823	10	9.445054	27.071681
70	-34.041766	10	7.603928	26.909542
71	-33.970378	10	9.220940	27.033484
72	-33.970007	10	9.214477	27.032899
73	-33.939792	10	9.206204	27.025832
74	-33.931662	10	5.745883	26.684065
75	-33.911651	5	10.000000	27.079510
76	-33.854857	10	2.034438	25.918770
77	-33.826802	10	9.394570	27.016388
78	-33.808786	10	9.206074	26.997925
79	-33.78928	10	7.468760	26.842903
80	-33.782808	0	0.000000	-1000.000000
81	-33.723278	5	10.000000	27.039328
82	-33.718369	10	9.924772	27.032831
83	-33.717609	3	8.400000	26.912346
84	-33.701326	10	7.964298	26.870441
85	-33.695772	3	8.400000	26.907673
86	-33.666991	10	3.725892	26.315107
87	-33.661544	10	9.957061	27.023007
88	-33.65846	6	10.000000	27.025450
89	-33.642409	10	9.953005	27.018612
90	-33.622993	10	8.112768	26.866978
91	-33.617111	10	7.547940	26.813661
92	-33.602709	3	8.400000	26.887723
93	-33.601131	10	8.009890	26.853081
94	-33.571722	6	10.000000	27.006837
95	-33.553167	4	9.600000	26.973402
96	-33.544848	10	9.952392	26.997618
97	-33.528367	10	9.952023	26.994046
98	-33.43194	10	9.168264	26.914100
99	-33.392133	6	10.000000	26.968146
100	-33.389159	10	9.351878	26.919167
101	-33.355256	10	6.315455	26.628654
102	-33.311393	10	3.945155	26.279760
103	-33.302026	10	9.951704	26.945162
104	-33.27562	4	9.600000	26.913485
105	-33.268395	10	8.052716	26.785140
106	-33.247448	10	6.203073	26.592350
107	-33.20682	10	9.193475	26.867343
108	-33.202928	10	7.270293	26.697200
109	-33.202594	10	7.762432	26.744375
110	-33.186687	10	7.433617	26.709696
111	-33.17746	10	7.547962	26.718701
112	-33.170634	10	9.186186	26.858906
113	-33.155562	4	9.600000	26.887412
114	-33.14064	10	8.151798	26.766207
115	-33.14048	10	9.188428	26.852522
116	-33.091648	10	9.203995	26.843106
117	-33.087583	5	10.000000	26.902054
118	-33.083891	10	8.385623	26.774244
119	-33.083715	10	9.164967	26.838312
120	-33.038132	10	7.471294	26.680980
121	-33.01084	10	9.202342	26.825340
122	-32.998216	10	9.951735	26.879055
123	-32.99539	10	7.294299	26.654347
124	-32.987481	4	9.600000	26.850751
125	-32.93936	10	9.949875	26.866042
126	-32.933979	3	8.400000	26.742719
127	-32.917627	10	9.943645	26.860830
128	-32.89696	10	9.843670	26.849010
129	-32.893949	10	8.777695	26.765673
130	-32.888985	10	1.892571	25.657837
131	-32.882526	5	10.000000	26.857210
132	-32.859103	5	10.000000	26.852070
133	-32.858492	5	10.000000	26.851936
134	-32.843654	5	10.000000	26.848678
135	-32.791957	10	7.962112	26.672926
136	-32.791936	10	9.942722	26.833166
137	-32.785303	2	6.400000	26.513923
138	-32.758729	10	9.949085	26.826319
139	-32.754297	4	9.600000	26.799579
140	-32.732435	5	10.000000	26.824209
141	-32.725961	2	6.400000	26.500854
142	-32.724962	5	10.000000	26.822562
143	-32.724259	10	9.914212	26.816192
144	-32.697592	10	9.947425	26.812724
145	-32.668953	3	8.400000	26.684436
146	-32.666213	1	-100.000000	-1000.000000
147	-32.658789	10	9.172817	26.745679
148	-32.655168	10	7.955049	26.642133
149	-32.644296	10	6.701993	26.516090
150	-32.636111	5	10.000000	26.802950
151	-32.627068	10	9.945190	26.796987
152	-32.619194	10	8.520708	26.683733
153	-32.614516	10	9.214977	26.739202
154	-32.59872	10	8.071959	26.640176
155	-32.5732	10	8.052214	26.632761
156	-32.55791	10	8.028969	26.627288
157	-32.557377	6	10.000000	26.785527
158	-32.543049	10	9.172105	26.720014
159	-32.543008	6	10.000000	26.782343
160	-32.523639	4	9.600000	26.748601
161	-32.519846	10	9.946491	26.773336
162	-32.519154	4	9.600000	26.747606
163	-32.517581	10	8.097408	26.624470
164	-32.506492	6	10.000000	26.774244
165	-32.488866	4	9.600000	26.740885
166	-32.480088	10	9.951526	26.764877
167	-32.478505	0	0.000000	-1000.000000
168	-32.467524	5	10.000000	26.765591
169	-32.445223	5	10.000000	26.760635
170	-32.444367	5	10.000000	26.760445
171	-32.439226	10	9.955105	26.756056
172	-32.382227	5	10.000000	26.746616
173	-32.381819	3	8.400000	26.620755
174	-32.3574	10	9.893776	26.733380
175	-32.354131	5	10.000000	26.740354
176	-32.324988	10	9.194520	26.673277
177	-32.303841	10	9.170760	26.666690
178	-32.300371	10	9.947712	26.724576
179	-32.290784	10	7.111725	26.480353
180	-32.276372	10	6.061927	26.361921
181	-32.264071	10	7.529632	26.515573
182	-32.254077	5	10.000000	26.718012
183	-32.247508	10	9.192756	26.655828
184	-32.236396	10	9.858872	26.703804
185	-32.234137	10	8.162734	26.567114
186	-32.233704	3	8.400000	26.587685
187	-32.204915	10	7.488772	26.498409
188	-32.201962	3	8.400000	26.580578
189	-32.184077	3	8.400000	26.576571
190	-32.164055	10	7.207967	26.461683
191	-32.163822	10	9.957175	26.694703
192	-32.161263	10	6.223819	26.355161
193	-32.157402	10	8.089382	26.543409
194	-32.151386	10	9.952947	26.691607
195	-32.141627	10	7.989753	26.530931
196	-32.11788	5	10.000000	26.687488
197	-32.102801	10	9.187044	26.622937
198	-32.095129	5	10.000000	26.682376
199	-32.094599	10	9.193464	26.621597
200	-32.093614	10	9.180769	26.620379
201	-32.089294	5	10.000000	26.681065
202	-32.068865	10	7.579292	26.476539
203	-32.067911	10	7.783903	26.495539
204	-32.062376	0	0.000000	-1000.000000
205	-32.05208	4	9.600000	26.643248
206	-32.01836	10	9.951312	26.661581
207	-32.010847	5	10.000000	26.663409
208	-31.996867	10	8.123180	26.510316
209	-31.991318	10	9.418570	26.615797
210	-31.983971	10	7.642138	26.463374
211	-31.968757	10	9.900243	26.646686
212	-31.968086	10	9.950330	26.650175
213	-31.962873	10	7.409342	26.436299
214	-31.96169	10	2.316059	25.597195
215	-31.921749	6	10.000000	26.643303
216	-31.919416	3	8.400000	26.517006
217	-31.906955	3	8.400000	26.514190
218	-31.881394	10	8.953391	26.554431
219	-31.876736	6	10.000000	26.633124
220	-31.875941	10	8.010010	26.472882
221	-31.871864	2	6.400000	26.310093
222	-31.869241	10	2.198175	25.538617
223	-31.860271	5	10.000000	26.629397
224	-31.853412	10	8.220796	26.486519
225	-31.851033	6	10.000000	26.627305
226	-31.849662	5	10.000000	26.626995
227	-31.849015	10	9.948985	26.623159
228	-31.84617	3	8.400000	26.500435
229	-31.841928	10	2.421967	25.602369
230	-31.8366	10	7.325760	26.399561
231	-31.831302	10	9.955250	26.619600
232	-31.828815	9	10.000000	26.622272
233	-31.822178	5	10.000000	26.620767
234	-31.806515	10	9.951043	26.613676
235	-31.800473	5	10.000000	26.615846
236	-31.792373	3	8.400000	26.488239
237	-31.790714	10	9.456882	26.573350
238	-31.767864	5	10.000000	26.608445
239	-31.759055	10	9.953621	26.603091
240	-31.753693	4	9.600000	26.575780
241	-31.740473	4	9.600000	26.572776
242	-31.737645	10	9.946926	26.597741
243	-31.735378	3	8.400000	26.475295
244	-31.712622	6	10.000000	26.595890
245	-31.711468	5	10.000000	26.595628
246	-31.710712	4	9.600000	26.566009
247	-31.709008	3	8.400000	26.469299
248	-31.708459	10	7.241781	26.362152
249	-31.666465	2	6.400000	26.263456
250	-31.663967	5	10.000000	26.584815
251	-31.659776	5	10.000000	26.583860
252	-31.65076	3	8.400000	26.456036
253	-31.637676	3	8.400000	26.453053
254	-31.635228	10	7.461758	26.367058
255	-31.628686	10	9.191097	26.515927
256	-31.616179	3	8.400000	26.448150
257	-31.603888	10	5.828667	26.181734
258	-31.597347	10	9.197704	26.509295
259	-31.5925	10	9.951351	26.564997
260	-31.579052	10	7.161742	26.324635
261	-31.576673	10	9.949202	26.561227
262	-31.568286	2	6.400000	26.241056
263	-31.552396	10	9.940904	26.555077
264	-31.550404	5	10.000000	26.558897
265	-31.543558	10	9.937306	26.552795
266	-31.532812	0	0.000000	-1000.000000
267	-31.511706	10	3.481352	25.788904
268	-31.506349	10	8.515931	26.432936
269	-31.486214	3	8.400000	26.418437
270	-31.476914	10	7.361967	26.321157
271	-31.475542	5	10.000000	26.541761
272	-31.4748	4	9.600000	26.512144
273	-31.473912	10	9.960774	26.538552
274	-31.472829	3	8.400000	26.415369
275	-31.472789	10	3.777250	25.838834
276	-31.471759	10	9.961789	26.538132
277	-31.469683	10	9.194150	26.479812
278	-31.448633	5	10.000000	26.535591
279	-31.444578	10	9.200215	26.474531
280	-31.444247	10	8.999198	26.458519
281	-31.441043	10	7.716477	26.346857
282	-31.437501	10	9.182978	26.471554
283	-31.437204	10	9.940221	26.528644
284	-31.41776	3	8.400000	26.402737
285	-31.412757	5	10.000000	26.527357
286	-31.411942	3	8.400000	26.401401
287	-31.397286	10	7.479178	26.314280
288	-31.394281	5	10.000000	26.523113
289	-31.381072	10	7.703779	26.331897
290	-31.368416	10	9.957404	26.514089
291	-31.367217	10	9.462848	26.477065
292	-31.362578	9	10.000000	26.515825
293	-31.356471	5	10.000000	26.514421
294	-31.355405	0	0.000000	-1000.000000
295	-31.352766	10	2.051414	25.370913
296	-31.350921	10	9.191533	26.452332
297	-31.334774	10	7.041404	26.256395
298	-31.323229	10	9.173804	26.444565
299	-31.323115	10	9.928017	26.501532
300	-31.319358	5	10.000000	26.505878
301	-31.307625	4	9.600000	26.473728
302	-31.297646	2	6.400000	26.178947
303	-31.29755	6	10.000000	26.500853
304	-31.290244	10	9.905532	26.492322
305	-31.274283	10	9.183632	26.434057
306	-31.254068	6	10.000000	26.490824
307	-31.249908	10	7.404497	26.273101
308	-31.248825	5	10.000000	26.489614
309	-31.248586	10	9.880243	26.480868
310	-31.239896	6	10.000000	26.487553
311	-31.236722	10	9.917023	26.480809
312	-31.234593	10	7.517122	26.280454
313	-31.225207	3	8.400000	26.358391
314	-31.222752	10	7.265385	26.253149
315	-31.220565	4	9.600000	26.453641
316	-31.215563	10	9.178532	26.420100
317	-31.210237	10	7.490225	26.272242
318	-31.204165	5	10.000000	26.479298
319	-31.182919	10	9.953036	26.470989
320	-31.17468	10	9.943610	26.468399
321	-31.163581	5	10.000000	26.469910
322	-31.156836	5	10.000000	26.468348
323	-31.156199	6	10.000000	26.468201
324	-31.153298	2	6.400000	26.145601
325	-31.151198	5	10.000000	26.467043
326	-31.139948	10	9.905173	26.457564
327	-31.137084	5	10.000000	26.463774
328	-31.115103	10	9.948085	26.454925
329	-31.112148	4	9.600000	26.428548
330	-31.104613	6	10.000000	26.456247
331	-31.103799	10	8.066378	26.301055
332	-31.102623	4	9.600000	26.426339
333	-31.100627	10	8.120717	26.305162
334	-31.088622	10	8.284853	26.316812
335	-31.08365	10	4.062361	25.801579
336	-31.077979	10	8.097693	26.297859
337	-31.077194	10	2.781770	25.526923
338	-31.073525	10	8.091675	26.296289
339	-31.057926	10	3.201581	25.623840
340	-31.057197	10	9.916996	26.439230
341	-31.055841	5	10.000000	26.444928
342	-31.054985	10	1.930296	25.258176
343	-31.053564	10	7.863508	26.271021
344	-31.053482	10	8.123838	26.294496
345	-31.043082	5	10.000000	26.441964
346	-31.040933	10	8.530998	26.326857
347	-31.019936	10	6.051717	26.074291
348	-31.017085	10	7.498778	26.228284
349	-31.008659	5	10.000000	26.433960
350	-30.999726	0	0.000000	-1000.000000
351	-30.996894	10	4.037826	25.777048
352	-30.993742	4	9.600000	26.401042
353	-30.986038	10	9.937832	26.424198
354	-30.98002	6	10.000000	26.427295
355	-30.977509	10	9.164956	26.363810
356	-30.975079	7	10.000000	26.426144
357	-30.962277	10	2.068873	25.286621
358	-30.958559	3	8.400000	26.296527
359	-30.943998	10	9.916715	26.412870
360	-30.940436	10	9.879555	26.409331
361	-30.937807	5	10.000000	26.417459
362	-30.930044	0	0.000000	-1000.000000
363	-30.927393	4	9.600000	26.385584
364	-30.924069	10	8.703060	26.314053
365	-30.913422	10	8.099689	26.259741
366	-30.908793	10	9.173561	26.348468
367	-30.906583	3	8.400000	26.284406
368	-30.903807	10	7.313463	26.183841
369	-30.902471	5	10.000000	26.409216
370	-30.899819	5	10.000000	26.408596
371	-30.892866	10	9.199037	26.346751
372	-30.885107	10	7.390481	26.187031
373	-30.864592	5	10.000000	26.400368
374	-30.863185	5	10.000000	26.400039
375	-30.862073	6	10.000000	26.399779
376	-30.856923	10	9.167274	26.335858
377	-30.855237	10	7.592510	26.199506
378	-30.844384	10	8.312936	26.262359
379	-30.83366	10	7.399634	26.175898
380	-30.830512	10	9.187169	26.331245
381	-30.824411	2	6.400000	26.069043
382	-30.823049	5	10.000000	26.390652
383	-30.820698	10	9.951281	26.386579
384	-30.814713	5	10.000000	26.388701
385	-30.811057	5	10.000000	26.387845
386	-30.806958	10	9.167886	26.324216
387	-30.800083	10	7.471036	26.174966
388	-30.797923	10	9.046688	26.312501
389	-30.769386	6	10.000000	26.378083
390	-30.7663	10	7.939342	26.210905
391	-30.766138	7	10.000000	26.377321
392	-30.762621	10	9.807172	26.362451
393	-30.755664	10	9.182005	26.313306
394	-30.754039	10	7.685693	26.184608
395	-30.752994	3	8.400000	26.248470
396	-30.751199	0	0.000000	-1000.000000
397	-30.749175	10	7.205543	26.136933
398	-30.742623	10	8.859658	26.284467
399	-30.724182	10	8.801326	26.275374
400	-30.723451	10	9.940757	26.363020
401	-30.722993	5	10.000000	26.367198
402	-30.714714	5	10.000000	26.365254
403	-30.714248	10	9.197268	26.304783
404	-30.70899	10	9.162127	26.300787
405	-30.7041	10	8.901462	26.278818
406	-30.702234	10	6.886007	26.093192
407	-30.698224	4	9.600000	26.331934
408	-30.696609	10	8.043411	26.203941
409	-30.696555	10	7.958547	26.196277
410	-30.694443	0	0.000000	-1000.000000
411	-30.691382	10	7.731273	26.174162
412	-30.690185	0	0.000000	-1000.000000
413	-30.688134	10	7.807241	26.180452
414	-30.686232	10	7.520957	26.153056
415	-30.683556	5	10.000000	26.357933
416	-30.675842	8	10.000000	26.356119
417	-30.67226	10	9.808414	26.341323
418	-30.661597	5	10.000000	26.352769
419	-30.661278	4	9.600000	26.323247
420	-30.655875	10	9.946251	26.347535
421	-30.647155	10	9.216927	26.290549
422	-30.646277	5	10.000000	26.349164
423	-30.645652	10	9.183799	26.287598
424	-30.644855	10	8.763158	26.253590
425	-30.630861	10	7.202287	26.108798
426	-30.625803	2	6.400000	26.022415
427	-30.623495	10	9.948101	26.340046
428	-30.620814	3	8.400000	26.217398
429	-30.608885	10	7.854452	26.166148
430	-30.600234	10	6.062127	25.977266
431	-30.599205	10	9.473815	26.299084
432	-30.599084	10	7.544423	26.134788
433	-30.596861	10	9.174471	26.275371
434	-30.594662	8	10.000000	26.337004
435	-30.594105	10	5.487953	25.904043
436	-30.593926	10	9.955331	26.333601
437	-30.590132	10	9.946509	26.332067
438	-30.58797	4	9.600000	26.305979
439	-30.574326	10	9.182669	26.270701
440	-30.573372	10	9.945538	26.328044
441	-30.566161	10	9.211740	26.271054
442	-30.564998	10	9.473241	26.290972
443	-30.561289	9	10.000000	26.329131
444	-30.555655	5	10.000000	26.327802
445	-30.554167	5	10.000000	26.327450
446	-30.553603	10	9.877608	26.318434
447	-30.553258	10	8.038836	26.169765
448	-30.551819	10	8.103161	26.175174
449	-30.548195	10	7.537048	26.122076
450	-30.543105	7	10.000000	26.324838
451	-30.538728	10	8.033461	26.165851
452	-30.535464	10	8.046052	26.166210
453	-30.5287	10	9.179573	26.259685
454	-30.528583	10	9.211545	26.262165
455	-30.523263	10	2.393359	25.288705
456	-30.519041	10	6.302645	25.986167
457	-30.507226	8	10.000000	26.316360
458	-30.500868	5	10.000000	26.314856
459	-30.496576	10	9.966212	26.311399
460	-30.493303	7	10.000000	26.313067
461	-30.493202	10	7.439932	26.099723
462	-30.490434	10	7.577482	26.112283
463	-30.488786	5	10.000000	26.311998
464	-30.484043	4	9.600000	26.281429
465	-30.48335	10	8.518242	26.195026
466	-30.47743	5	10.000000	26.309311
467	-30.475088	10	7.538823	26.104962
468	-30.467368	10	3.645739	25.579070
469	-30.467293	5	10.000000	26.306911
470	-30.466481	10	9.953829	26.303381
471	-30.464455	4	9.600000	26.276792
472	-30.463889	5	10.000000	26.306105
473	-30.463868	6	10.000000	26.306100
474	-30.458244	10	9.865878	26.295028
475	-30.454658	10	9.231224	26.246216
476	-30.44956	10	9.945213	26.298748
477	-30.442259	4	9.600000	26.271535
478	-30.440568	10	7.511004	26.094120
479	-30.432723	10	9.226548	26.240653
480	-30.428467	5	10.000000	26.297713
481	-30.428437	10	9.904431	26.290779
482	-30.428159	6	10.000000	26.297640
483	-30.417892	10	9.919734	26.289392
484	-30.417072	6	10.000000	26.295011
485	-30.412657	7	10.000000	26.293964
486	-30.412252	10	9.952617	26.290442
487	-30.411105	0	0.000000	-1000.000000
488	-30.410423	4	9.600000	26.263987
489	-30.409073	10	9.951853	26.289632
490	-30.408209	10	9.180804	26.231255
491	-30.407296	6	10.000000	26.292692
492	-30.401682	2	6.400000	25.969432
493	-30.399754	3	8.400000	26.165133
494	-30.391153	10	8.716734	26.189791
495	-30.384133	2	6.400000	25.965267
496	-30.379378	10	9.942077	26.281876
497	-30.378855	5	10.000000	26.285942
498	-30.378023	5	10.000000	26.285744
499	-30.373788	10	7.370067	26.064614
500	-30.369572	10	6.289691	25.949268
501	-30.367822	10	2.968966	25.407338
502	-30.367384	10	7.996309	26.121921
503	-30.363251	4	9.600000	26.252789
504	-30.35905	10	9.996516	26.280986
505	-30.356844	5	10.000000	26.280714
506	-30.356054	4	9.600000	26.251079
507	-30.352981	10	9.951100	26.276260
508	-30.349907	6	10.000000	26.279065
509	-30.349219	0	0.000000	-1000.000000
510	-30.343157	3	8.400000	26.151691
511	-30.342666	10	9.207414	26.217778
512	-30.342426	10	7.753980	26.093791
513	-30.342163	4	9.600000	26.247777
514	-30.340962	10	7.386818	26.058451
515	-30.340883	5	10.000000	26.276920
516	-30.340132	10	9.464329	26.237027
517	-30.338207	10	9.207309	26.216709
518	-30.330589	3	8.400000	26.148703
519	-30.329225	10	7.159207	26.033084
520	-30.328519	10	9.958210	26.270959
521	-30.324456	3	8.400000	26.147244
522	-30.303953	0	0.000000	-1000.000000
523	-30.291992	2	6.400000	25.943359
524	-30.287478	10	9.928664	26.259048
525	-30.28287	3	8.400000	26.137345
526	-30.277749	10	8.830010	26.172138
527	-30.275621	5	10.000000	26.261387
528	-30.272115	5	10.000000	26.260552
529	-30.261981	5	10.000000	26.258137
530	-30.255772	6	10.000000	26.256657
531	-30.253142	10	9.945313	26.252074
532	-30.247108	3	8.400000	26.128821
533	-30.24071	10	9.218264	26.194348
534	-30.234834	10	9.161071	26.188457
535	-30.229114	10	9.996640	26.250056
536	-30.228235	5	10.000000	26.250088
537	-30.225907	10	9.166561	26.186759
538	-30.225184	10	5.764119	25.851946
539	-30.224485	5	10.000000	26.249193
540	-30.22242	3	8.400000	26.122931
541	-30.222029	3	8.400000	26.122838
542	-30.218853	4	9.600000	26.218402
543	-30.216109	3	8.400000	26.121425
544	-30.209762	10	6.118821	25.891341
545	-30.208263	10	9.184797	26.183981
546	-30.207384	10	9.435226	26.203175
547	-30.205734	10	9.456625	26.204415
548	-30.197804	4	9.600000	26.213376
549	-30.197351	10	9.198187	26.182425
550	-30.193046	10	9.227820	26.183717
551	-30.190375	6	10.000000	26.241048
552	-30.175365	10	9.937500	26.232938
553	-30.162619	4	9.600000	26.204966
554	-30.156188	5	10.000000	26.232875
555	-30.155164	10	8.292470	26.097567
556	-30.154483	10	6.996545	25.974824
557	-30.153812	3	8.400000	26.106537
558	-30.152491	3	8.400000	26.106221
559	-30.14924	10	4.941497	25.722723
560	-30.14609	7	10.000000	26.230459
561	-30.13894	5	10.000000	26.228748
562	-30.137233	10	6.412373	25.907804
563	-30.132482	5	10.000000	26.227202
564	-30.130325	5	10.000000	26.226686
565	-30.128915	10	2.055836	25.085246
566	-30.126046	10	9.951279	26.222138
567	-30.113551	5	10.000000	26.222669
568	-30.111514	10	7.307492	25.995905
569	-30.111333	10	9.947756	26.218359
570	-30.109736	10	6.845275	25.948345
571	-30.108863	5	10.000000	26.221546
572	-30.104179	5	10.000000	26.220423
573	-30.097402	6	10.000000	26.218799
574	-30.092955	10	9.957980	26.214696
575	-30.091238	10	9.951394	26.213807
576	-30.083489	5	10.000000	26.215464
577	-30.082892	10	9.807036	26.201265
578	-30.082506	6	10.000000	26.215228
579	-30.079748	10	9.211343	26.155309
580	-30.077496	6	10.000000	26.214027
581	-30.075805	5	10.000000	26.213621
582	-30.067534	10	7.470900	26.001314
583	-30.066788	3	8.400000	26.085689
584	-30.065807	5	10.000000	26.211223
585	-30.063674	5	10.000000	26.210711
586	-30.06362	5	10.000000	26.210698
587	-30.061315	10	9.950259	26.206548
588	-30.055216	10	9.806023	26.194552
589	-30.048413	6	10.000000	26.207049
590	-30.036108	5	10.000000	26.204094
591	-30.029238	10	9.945108	26.198473
592	-30.026954	10	9.186449	26.140685
593	-30.026857	3	8.400000	26.076102
594	-30.025943	10	6.130342	25.848672
595	-30.025767	10	9.943622	26.197532
596	-30.016811	3	8.400000	26.073689
597	-30.013536	10	7.657345	26.006129
598	-30.013234	5	10.000000	26.198598
599	-30.012363	10	5.228000	25.730555
600	-30.011727	4	9.600000	26.168789
601	-30.006105	10	8.079654	26.043068
602	-30.00585	10	7.710884	26.009308
603	-30.00422	6	10.000000	26.196432
604	-30.002798	3	8.400000	26.070320
605	-30.002701	5	10.000000	26.196066
606	-30.001567	10	9.189677	26.134837
607	-29.999803	10	9.944572	26.191360
608	-29.995909	10	9.194656	26.133867
609	-29.993182	3	8.400000	26.068008
610	-29.989247	10	7.185915	25.954453
611	-29.988936	10	9.182755	26.131256
612	-29.986058	5	10.000000	26.192064
613	-29.984981	4	9.600000	26.162358
614	-29.977985	10	9.983381	26.188922
615	-29.976592	10	9.949114	26.186106
616	-29.966005	10	9.358534	26.139416
617	-29.956034	5	10.000000	26.184838
618	-29.955044	10	9.957908	26.181557
619	-29.95213	5	10.000000	26.183898
620	-29.944211	10	2.787105	25.260410
621	-29.942078	4	9.600000	26.152029
622	-29.941627	7	10.000000	26.181368
623	-29.939384	10	8.002832	26.020119
624	-29.939341	10	8.861640	26.093640
625	-29.93768	10	8.741102	26.083360
626	-29.9344	5	10.000000	26.179626
627	-29.934306	10	9.206444	26.119962
628	-29.929893	5	10.000000	26.178540
629	-29.926277	10	6.848087	25.904555
630	-29.919268	6	10.000000	26.175979
631	-29.91571	10	4.185083	25.546785
632	-29.913815	10	7.459184	25.963209
633	-29.905872	10	7.218288	25.937613
634	-29.904953	3	8.400000	26.046757
635	-29.899601	10	7.839617	25.995663
636	-29.897319	3	8.400000	26.044916
637	-29.893856	5	10.000000	26.169850
638	-29.893521	10	7.300734	25.942825
639	-29.888721	4	9.600000	26.139163
640	-29.887791	5	10.000000	26.168386
641	-29.875321	5	10.000000	26.165376
642	-29.870424	10	9.880635	26.155531
643	-29.869294	10	8.014924	26.004301
644	-29.868626	5	10.000000	26.163759
645	-29.866302	10	9.145415	26.098758
646	-29.86367	10	9.460593	26.122563
647	-29.863152	10	7.382883	25.943565
648	-29.862063	10	9.152962	26.098329
649	-29.856848	10	9.866925	26.151250
650	-29.855337	3	8.400000	26.034779
651	-29.851363	6	10.000000	26.159589
652	-29.850727	3	8.400000	26.033665
653	-29.848546	4	9.600000	26.129461
654	-29.845478	10	7.288464	25.930010
655	-29.84472	5	10.000000	26.157983
656	-29.842659	10	7.743013	25.972968
657	-29.841047	5	10.000000	26.157095
658	-29.837167	5	10.000000	26.156157
659	-29.837095	10	7.705297	25.968101
660	-29.831316	10	9.184550	26.093383
661	-29.823876	6	10.000000	26.152943
662	-29.821805	0	0.000000	-1000.000000
663	-29.820613	10	9.936055	26.147527
664	-29.818509	10	9.216578	26.092797
665	-29.816122	10	9.182836	26.089574
666	-29.813077	3	8.400000	26.024562
667	-29.812446	4	9.600000	26.120731
668	-29.812061	5	10.000000	26.150085
669	-29.809851	5	10.000000	26.149550
670	-29.809233	10	8.707378	26.049556
671	-29.80767	10	9.946192	26.145131
672	-29.806104	10	7.267939	25.918453
673	-29.802698	5	10.000000	26.147819
674	-29.801818	10	9.182594	26.086093
675	-29.795444	10	7.441285	25.932875
676	-29.79489	5	10.000000	26.145929
677	-29.7923	3	8.400000	26.019533
678	-29.788065	10	7.372715	25.924411
679	-29.78508	10	6.200521	25.798784
680	-29.779371	10	7.308254	25.915970
681	-29.777944	10	8.515501	26.025907
682	-29.775344	10	9.949431	26.137538
683	-29.773815	10	9.958170	26.137801
684	-29.769946	3	8.400000	26.014118
685	-29.765072	10	8.238909	25.998969
686	-29.762039	6	10.000000	26.137971
687	-29.761594	10	7.349772	25.915749
688	-29.760058	10	7.270743	25.907579
689	-29.759581	5	10.000000	26.137376
690	-29.758258	3	8.400000	26.011286
691	-29.749333	10	8.628538	26.028485
692	-29.743414	10	7.280955	25.904556
693	-29.72675	10	9.149800	26.065319
694	-29.723787	6	10.000000	26.128694
695	-29.717439	4	9.600000	26.097707
696	-29.714217	5	10.000000	26.126371
697	-29.703575	5	10.000000	26.123787
698	-29.703176	10	9.942243	26.119512
699	-29.699836	4	9.600000	26.093433
700	-29.69939	10	5.911775	25.743603
701	-29.698621	5	10.000000	26.122584
702	-29.698332	4	9.600000	26.093067
703	-29.69701	5	10.000000	26.122193
704	-29.694817	10	9.211507	26.062415
705	-29.694602	10	7.316476	25.896218
706	-29.688887	4	9.600000	26.090773
707	-29.688238	6	10.000000	26.120062
708	-29.680532	6	10.000000	26.118189
709	-29.675389	10	7.382330	25.898013
710	-29.673495	4	9.600000	26.087032
711	-29.673479	6	10.000000	26.116475
712	-29.67183	5	10.000000	26.116074
713	-29.671374	5	10.000000	26.115963
714	-29.666407	10	7.213556	25.879147
715	-29.665976	4	9.600000	26.085204
716	-29.660257	4	9.600000	26.083813
717	-29.659437	10	9.918865	26.107184
718	-29.657256	10	8.966573	26.033844
719	-29.654185	10	7.413263	25.895873
720	-29.651834	6	10.000000	26.111211
721	-29.650638	10	7.403357	25.894046
722	-29.650125	3	8.400000	25.985026
723	-29.648175	10	9.955427	26.107099
724	-29.646089	5	10.000000	26.109813
725	-29.642681	10	7.382005	25.890027
726	-29.640984	4	9.600000	26.079124
727	-29.639382	10	7.266476	25.877845
728	-29.638601	5	10.000000	26.107991
729	-29.635485	6	10.000000	26.107233
730	-29.633378	10	8.959634	26.027476
731	-29.63049	10	7.224046	25.871456
732	-29.625194	3	8.400000	25.978958
733	-29.622631	10	8.044973	25.947183
734	-29.622488	10	9.456200	26.063735
735	-29.616183	5	10.000000	26.102533
736	-29.615013	10	9.954810	26.098981
737	-29.604125	4	9.600000	26.070149
738	-29.603266	10	9.184706	26.038039
739	-29.598586	10	9.952810	26.094834
740	-29.595519	6	10.000000	26.097498
741	-29.594778	3	8.400000	25.971548
742	-29.593311	10	9.944786	26.092966
743	-29.589995	5	10.000000	26.096152
744	-29.589496	10	9.231148	26.038321
745	-29.589476	10	7.606650	25.898692
746	-29.589381	10	9.951445	26.092491
747	-29.588045	5	10.000000	26.095676
748	-29.586527	6	10.000000	26.095306
749	-29.586287	5	10.000000	26.095248
750	-29.583563	5	10.000000	26.094584
751	-29.58227	10	8.086109	25.941027
752	-29.581858	4	9.600000	26.064721
753	-29.579875	10	1.926647	24.905767
754	-29.578177	10	9.181265	26.031653
755	-29.576926	5	10.000000	26.092965
756	-29.576894	10	8.389684	25.966302
757	-29.576161	3	8.400000	25.967009
758	-29.573933	5	10.000000	26.092235
759	-29.571397	5	10.000000	26.091617
760	-29.570977	3	8.400000	25.965745
761	-29.555657	10	9.963531	26.085140
762	-29.553141	3	8.400000	25.961393
763	-29.552945	8	10.000000	26.087114
764	-29.551228	4	9.600000	26.057248
765	-29.550296	10	9.497771	26.049298
766	-29.550095	5	10.000000	26.086418
767	-29.549742	10	7.318107	25.861103
768	-29.547012	5	10.000000	26.085666
769	-29.546432	10	8.104593	25.933930
770	-29.546036	10	7.366741	25.864977
771	-29.543212	5	10.000000	26.084738
772	-29.536998	10	9.932478	26.078333
773	-29.527404	5	10.000000	26.080877
774	-29.526198	5	10.000000	26.080583
775	-29.524031	5	10.000000	26.080053
776	-29.521586	2	6.400000	25.757528
777	-29.510086	5	10.000000	26.076645
778	-29.507311	4	9.600000	26.046520
779	-29.506383	3	8.400000	25.949971
780	-29.506182	5	10.000000	26.075691
781	-29.505099	3	8.400000	25.949657
782	-29.503901	10	9.179921	26.013410
783	-29.502901	10	7.981059	25.912215
784	-29.501511	10	7.641308	25.880494
785	-29.500315	10	9.148143	26.010032
786	-29.496896	0	0.000000	-1000.000000
787	-29.496569	10	4.337269	25.470770
788	-29.494735	10	7.441610	25.859735
789	-29.494496	10	7.328854	25.848663
790	-29.487407	10	9.191801	26.010309
791	-29.486596	10	9.881168	26.062278
792	-29.485249	5	10.000000	26.070571
793	-29.482476	0	0.000000	-1000.000000
794	-29.481839	10	7.469044	25.859235
795	-29.477589	5	10.000000	26.068697
796	-29.475819	5	10.000000	26.068264
797	-29.471766	6	10.000000	26.067272
798	-29.467865	4	9.600000	26.036870
799	-29.463534	5	10.000000	26.065257
800	-29.462541	10	8.088420	25.911979
801	-29.45843	10	8.387896	25.937198
802	-29.455017	10	8.028394	25.904763
803	-29.454247	5	10.000000	26.062983
804	-29.451573	4	9.600000	26.032881
805	-29.443548	5	10.000000	26.060362
806	-29.442877	10	8.865907	25.973368
807	-29.440824	10	7.630914	25.864659
808	-29.44004	3	8.400000	25.933733
809	-29.438883	3	8.400000	25.933450
810	-29.436808	10	7.322690	25.833934
811	-29.427572	4	9.600000	26.027000
812	-29.427051	10	9.508982	26.020001
813	-29.426981	4	9.600000	26.026855
814	-29.426682	5	10.000000	26.056229
815	-29.424951	10	9.951674	26.052310
816	-29.424676	6	10.000000	26.055737
817	-29.42391	6	10.000000	26.055549
818	-29.420305	10	3.866466	25.369209
819	-29.420207	10	9.222213	25.996234
820	-29.41789	10	7.972682	25.890642
821	-29.417022	6	10.000000	26.053861
822	-29.414651	10	4.170752	25.422469
823	-29.411088	3	8.400000	25.926636
824	-29.411015	6	10.000000	26.052387
825	-29.410287	10	9.958531	26.049211
826	-29.409685	5	10.000000	26.052061
827	-29.409216	10	7.186381	25.813615
828	-29.408936	10	7.547092	25.848874
829	-29.408637	10	7.606161	25.854424
830	-29.407669	10	9.949875	26.047942
831	-29.400923	10	8.509705	25.933502
832	-29.396684	10	8.288790	25.913488
833	-29.388317	5	10.000000	26.046818
834	-29.384708	10	7.461729	25.834723
835	-29.378442	5	10.000000	26.044394
836	-29.371172	10	6.110801	25.687325
837	-29.366941	6	10.000000	26.041569
838	-29.365035	5	10.000000	26.041101
839	-29.36463	10	5.440938	25.601965
840	-29.361353	4	9.600000	26.010750
841	-29.357594	10	9.933047	26.034427
842	-29.35434	5	10.000000	26.038474
843	-29.352481	10	8.459201	25.917313
844	-29.349348	5	10.000000	26.037247
845	-29.347587	6	10.000000	26.036814
846	-29.347517	10	9.937254	26.032256
847	-29.347385	10	9.957509	26.033693
848	-29.340428	10	7.690828	25.845660
849	-29.339524	10	5.225887	25.566706
850	-29.336688	10	8.077489	25.880124
851	-29.335952	5	10.000000	26.033954
852	-29.335808	5	10.000000	26.033918
853	-29.333859	10	8.186548	25.889102
854	-29.330759	5	10.000000	26.032677
855	-29.324646	10	9.166566	25.968400
856	-29.317882	5	10.000000	26.029509
857	-29.316539	3	8.400000	25.903409
858	-29.316419	10	9.200678	25.969055
859	-29.315152	8	10.000000	26.028837
860	-29.31458	6	10.000000	26.028696
861	-29.313846	6	10.000000	26.028516
862	-29.311794	4	9.600000	25.998564
863	-29.309038	6	10.000000	26.027333
864	-29.308582	5	10.000000	26.027220
865	-29.304467	4	9.600000	25.996761
866	-29.301701	4	9.600000	25.996080
867	-29.301165	5	10.000000	26.025395
868	-29.300318	10	9.175193	25.963091
869	-29.299702	6	10.000000	26.025034
870	-29.297785	9	10.000000	26.024563
871	-29.294728	3	8.400000	25.898040
872	-29.29298	5	10.000000	26.023379
873	-29.290701	3	8.400000	25.897049
874	-29.290312	5	10.000000	26.022722
875	-29.288396	10	8.350597	25.892226
876	-29.286492	10	9.954218	26.018471
877	-29.284503	4	9.600000	25.991845
878	-29.284458	10	9.958226	26.018261
879	-29.28375	10	7.135374	25.777637
880	-29.281483	3	8.400000	25.894778
881	-29.280087	10	7.611204	25.823302
882	-29.273405	5	10.000000	26.018557
883	-29.267414	10	9.952555	26.013650
884	-29.266613	10	8.802952	25.924913
885	-29.266248	10	9.236182	25.959478
886	-29.266144	10	9.894771	26.009137
887	-29.263793	10	8.023760	25.857364
888	-29.262933	0	0.000000	-1000.000000
889	-29.255623	10	9.953511	26.010813
890	-29.255584	4	9.600000	25.984718
891	-29.253782	10	6.215605	25.670704
892	-29.253596	10	9.168548	25.951057
893	-29.253441	10	7.300593	25.786679
894	-29.252588	10	9.236255	25.956116
895	-29.250683	10	9.934557	26.008220
896	-29.248428	4	9.600000	25.982953
897	-29.245941	5	10.000000	26.011787
898	-29.245615	10	7.545598	25.808560
899	-29.242136	4	9.600000	25.981401
900	-29.239474	8	10.000000	26.010191
901	-29.237725	5	10.000000	26.009760
902	-29.236204	10	9.239052	25.952293
903	-29.230193	10	3.955897	25.338940
904	-29.224861	10	7.333003	25.782823
905	-29.224201	6	10.000000	26.006422
906	-29.220734	10	9.236257	25.948257
907	-29.220446	10	5.493798	25.573433
908	-29.2196	10	9.950873	26.001734
909	-29.217296	10	7.973345	25.841346
910	-29.214739	4	9.600000	25.974640
911	-29.212596	4	9.600000	25.974111
912	-29.212409	5	10.000000	26.003511
913	-29.211494	3	8.400000	25.877516
914	-29.210219	10	9.157130	25.939454
915	-29.209649	5	10.000000	26.002830
916	-29.205792	6	10.000000	26.001877
917	-29.203599	10	8.069638	25.846623
918	-29.202317	10	2.347472	24.955609
919	-29.201303	7	10.000000	26.000768
920	-29.200081	10	8.144531	25.852418
921	-29.200052	10	7.534203	25.796223
922	-29.198394	10	4.424616	25.411862
923	-29.198365	10	8.241736	25.860553
924	-29.196931	5	10.000000	25.999688
925	-29.19631	10	9.947309	25.995724
926	-29.192304	10	9.949098	25.994864
927	-29.192116	6	10.000000	25.998498
928	-29.190469	10	9.944501	25.994077
929	-29.188943	3	8.400000	25.871945
930	-29.185905	8	10.000000	25.996964
931	-29.183901	10	9.899995	25.989218
932	-29.18359	6	10.000000	25.996391
933	-29.180801	10	7.543283	25.792334
934	-29.180486	10	8.372350	25.867476
935	-29.179844	6	10.000000	25.995465
936	-29.17691	10	8.186116	25.850366
937	-29.175708	10	9.239194	25.937362
938	-29.172425	5	10.000000	25.993631
939	-29.171576	10	6.080316	25.634530
940	-29.171094	10	7.383936	25.774533
941	-29.170229	10	9.952927	25.989684
942	-29.16453	10	3.896976	25.311892
943	-29.163807	5	10.000000	25.991500
944	-29.162684	10	9.151977	25.927300
945	-29.160798	10	5.882392	25.607993
946	-29.158743	3	8.400000	25.864478
947	-29.151515	1	-100.000000	-1000.000000
948	-29.151034	8	10.000000	25.988340
949	-29.145914	3	8.400000	25.861303
950	-29.144282	10	8.048954	25.830105
951	-29.142479	10	9.893119	25.978471
952	-29.142474	1	-100.000000	-1000.000000
953	-29.14194	10	9.948741	25.982382
954	-29.140753	10	9.930874	25.980792
955	-29.136576	10	9.189117	25.923760
956	-29.13549	5	10.000000	25.984492
957	-29.13341	10	9.878330	25.975147
958	-29.13319	10	9.857789	25.973591
959	-29.130759	3	8.400000	25.857552
960	-29.13047	0	0.000000	-1000.000000
961	-29.129822	10	9.208400	25.923600
962	-29.129156	10	9.178603	25.921097
963	-29.126037	6	10.000000	25.982152
964	-29.125782	5	10.000000	25.982088
965	-29.124722	10	8.635467	25.875999
966	-29.123622	10	9.161302	25.918366
967	-29.122783	4	9.600000	25.951899
968	-29.122712	6	10.000000	25.981328
969	-29.122244	3	8.400000	25.855443
970	-29.115797	10	9.824076	25.966812
971	-29.115332	10	9.838075	25.967724
972	-29.102105	6	10.000000	25.976222
973	-29.097273	5	10.000000	25.975024
974	-29.09664	10	7.201810	25.738083
975	-29.092214	10	9.907401	25.967059
976	-29.087805	10	3.361602	25.186287
977	-29.087025	6	10.000000	25.972483
978	-29.083605	10	7.242641	25.738929
979	-29.081788	10	8.804565	25.879346
980	-29.07703	5	10.000000	25.970004
981	-29.073742	5	10.000000	25.969188
982	-29.072851	10	6.653394	25.675049
983	-29.069524	10	9.208500	25.908661
984	-29.065767	6	10.000000	25.967209
985	-29.065446	10	8.031422	25.808993
986	-29.063833	5	10.000000	25.966729
987	-29.058033	6	10.000000	25.965290
988	-29.0573	6	10.000000	25.965108
989	-29.052002	10	9.836895	25.951930
990	-29.050842	10	9.936862	25.958936
991	-29.050629	6	10.000000	25.963452
992	-29.048741	10	8.104814	25.811408
993	-29.048688	5	10.000000	25.962970
994	-29.048162	3	8.400000	25.837070
995	-29.047063	5	10.000000	25.962566
996	-29.046067	10	9.208007	25.902799
997	-29.045428	10	9.478307	25.923511
998	-29.044537	4	9.600000	25.932492
999	-29.043957	10	9.359096	25.914015
1000	-29.039678	0	0.000000	-1000.000000
