rank	orig_idx	Score	CapScore	Spheres	MergedScore
1	1	-42.213435	8.582744	10	28.548871
2	2	-40.824736	8.593205	10	28.308456
3	3	-38.456194	9.370825	10	27.939808
4	4	-38.168356	9.439421	10	27.890875
5	6	-37.879962	9.978726	10	27.876243
6	7	-37.659212	9.430277	10	27.793305
7	8	-37.614231	9.455682	10	27.786624
8	5	-37.899897	8.320460	10	27.748942
9	10	-37.304438	8.166703	10	27.621254
10	12	-36.622102	8.701309	10	27.533830
11	15	-36.238422	9.472298	10	27.519098
12	16	-36.14643	9.419994	10	27.496769
13	24	-35.905412	9.975244	10	27.489823
14	13	-36.558792	8.262290	10	27.484003
15	19	-36.052431	9.469993	10	27.481805
16	17	-36.056649	9.458733	10	27.481791
17	9	-37.462121	6.400000	2	27.475839
18	25	-35.794157	9.479392	10	27.430658
19	11	-37.204305	6.400000	2	27.426024
20	28	-35.622598	9.364029	10	27.387169
21	38	-35.354236	9.986702	10	27.379060
22	22	-35.975505	8.258336	10	27.367641
23	23	-35.933092	8.329989	10	27.365363
24	35	-35.404279	9.467682	10	27.350765
25	36	-35.388891	9.479292	10	27.348513
26	37	-35.358472	9.457770	10	27.340670
27	40	-35.30336	9.474804	10	27.330716
28	30	-35.595319	8.667218	10	27.325863
29	32	-35.568565	8.647025	10	27.318756
30	43	-35.16579	9.484959	10	27.303324
31	42	-35.197939	9.397460	10	27.303231
32	45	-35.097335	9.468355	10	27.288005
33	14	-36.410022	6.400000	2	27.270354
34	47	-34.998287	9.474649	10	27.268098
35	46	-35.004086	9.440671	10	27.266702
36	48	-34.943758	9.471840	10	27.256637
37	39	-35.338698	8.315854	10	27.243817
38	50	-34.874876	9.474662	10	27.242618
39	53	-34.753099	9.472692	10	27.217236
40	18	-36.056233	6.400000	2	27.199920
41	20	-36.039152	6.400000	2	27.196502
42	41	-35.20143	7.972473	10	27.185324
43	21	-35.980208	6.400000	2	27.184694
44	52	-34.781341	8.957838	10	27.182784
45	56	-34.568701	9.477597	10	27.179233
46	49	-34.892916	8.400000	3	27.159506
47	26	-35.762212	6.400000	2	27.140856
48	60	-34.28877	9.474791	10	27.120368
49	29	-35.620322	6.400000	2	27.112179
50	61	-34.248297	9.460027	10	27.110724
51	31	-35.594631	6.400000	2	27.106975
52	63	-34.195005	9.377854	10	27.093197
53	54	-34.62673	8.212681	10	27.087998
54	69	-34.068823	9.640850	10	27.086481
55	55	-34.591559	8.127130	10	27.073114
56	72	-33.970007	9.472777	10	27.052842
57	71	-33.970378	9.457165	10	27.051731
58	73	-33.939792	9.459855	10	27.045438
59	82	-33.718369	9.979488	10	27.036797
60	77	-33.826802	9.615105	10	27.033126
61	66	-34.102606	8.809665	10	27.028594
62	88	-33.65846	10.000000	5	27.025450
63	89	-33.642409	9.986055	10	27.021003
64	78	-33.808786	9.455752	10	27.017228
65	92	-33.602709	9.980956	10	27.012117
66	68	-34.091567	8.588787	10	27.007942
67	44	-35.105112	6.400000	2	27.007082
68	96	-33.544848	9.978221	10	26.999488
69	97	-33.528367	9.982214	10	26.996231
70	94	-33.571722	9.592754	10	26.976846
71	70	-34.041766	8.181505	10	26.962353
72	51	-34.841681	6.400000	2	26.952748
73	103	-33.302026	9.982159	10	26.947366
74	100	-33.389159	9.610182	10	26.938821
75	99	-33.392133	9.600000	4	26.938699
76	98	-33.43194	9.441008	10	26.935246
77	84	-33.701326	8.519089	10	26.919017
78	79	-33.78928	8.268527	10	26.916284
79	90	-33.622993	8.602734	10	26.909279
80	58	-34.342168	6.954521	10	26.908522
81	93	-33.601131	8.511147	10	26.896866
82	107	-33.20682	9.476846	10	26.889242
83	112	-33.170634	9.432156	10	26.877967
84	91	-33.617111	8.242927	10	26.877198
85	95	-33.553167	8.400000	3	26.877080
86	115	-33.14048	9.427332	10	26.871038
87	125	-32.93936	9.984738	10	26.868565
88	127	-32.917627	9.982436	10	26.863638
89	116	-33.091648	9.431643	10	26.860731
90	119	-33.083715	9.435634	10	26.859306
91	57	-34.359463	6.400000	2	26.852214
92	121	-33.01084	9.483460	10	26.847046
93	59	-34.294997	6.400000	2	26.838667
94	136	-32.791936	9.981154	10	26.835949
95	131	-32.882526	9.702340	10	26.835412
96	105	-33.268395	8.630988	10	26.835165
97	138	-32.758729	9.985790	10	26.828976
98	74	-33.931662	6.989174	10	26.825362
99	118	-33.083891	8.949184	10	26.821163
100	114	-33.14064	8.784920	10	26.820162
101	144	-32.697592	9.985114	10	26.815452
102	145	-32.668953	9.991850	10	26.809617
103	129	-32.893949	9.246474	10	26.803203
104	67	-34.099404	6.400000	2	26.797409
105	109	-33.202594	8.341287	10	26.796255
106	111	-33.17746	8.268067	10	26.784433
107	108	-33.202928	8.200426	10	26.784042
108	161	-32.519846	9.982459	10	26.775940
109	110	-33.186687	8.144343	10	26.775563
110	147	-32.658789	9.409969	10	26.764092
111	153	-32.614516	9.484215	10	26.759976
112	75	-33.911651	6.400000	2	26.757582
113	157	-32.557377	9.600000	4	26.756080
114	159	-32.543008	9.600000	4	26.752896
115	120	-33.038132	8.250202	10	26.752516
116	174	-32.3574	9.982662	10	26.739831
117	158	-32.543049	9.415035	10	26.738871
118	178	-32.300371	9.978030	10	26.726772
119	123	-32.99539	8.019983	10	26.722762
120	135	-32.791957	8.521406	10	26.721896
121	152	-32.619194	8.976608	10	26.721331
122	81	-33.723278	6.400000	2	26.717400
123	83	-33.717609	6.400000	2	26.716188
124	85	-33.695772	6.400000	2	26.711514
125	87	-33.661544	6.400000	2	26.704183
126	142	-32.724962	8.400000	3	26.696793
127	194	-32.151386	9.987831	10	26.694131
128	176	-32.324988	9.409633	10	26.689959
129	177	-32.303841	9.439652	10	26.687536
130	154	-32.59872	8.599011	10	26.685802
131	148	-32.655168	8.415149	10	26.682692
132	150	-32.636111	8.400000	3	26.677181
133	183	-32.247508	9.435059	10	26.674595
134	155	-32.5732	8.508794	10	26.672545
135	156	-32.55791	8.521402	10	26.670226
136	163	-32.517581	8.579225	10	26.666164
137	211	-31.968757	9.983062	10	26.652695
138	201	-32.089294	9.614036	10	26.652672
139	160	-32.523639	8.400000	3	26.652279
140	164	-32.506492	8.400000	3	26.648475
141	165	-32.488866	8.400000	3	26.644562
142	216	-31.919416	9.991652	10	26.642173
143	197	-32.102801	9.433836	10	26.642059
144	215	-31.921749	9.977492	10	26.641678
145	149	-32.644296	7.960886	10	26.640260
146	199	-32.094599	9.428947	10	26.639842
147	200	-32.093614	9.427189	10	26.639486
148	209	-31.991318	9.635089	10	26.632192
149	223	-31.860271	9.991969	10	26.628818
150	231	-31.831302	9.981686	10	26.621513
151	185	-32.234137	8.711979	10	26.614088
152	219	-31.876736	9.600000	4	26.603677
153	225	-31.851033	9.612448	10	26.598793
154	113	-33.155562	6.400000	2	26.594931
155	244	-31.712622	9.981087	10	26.594525
156	182	-32.254077	8.400000	3	26.592243
157	181	-32.264071	8.342172	10	26.589494
158	237	-31.790714	9.649055	10	26.587861
159	27	-35.760175	2.963013	10	26.584942
160	218	-31.881394	9.297632	10	26.581646
161	117	-33.087583	6.400000	2	26.580126
162	193	-32.157402	8.497723	10	26.578933
163	195	-32.141627	8.539113	10	26.578898
164	253	-31.637676	9.991776	10	26.578229
165	101	-33.355256	5.870108	10	26.575905
166	256	-31.616179	9.981317	10	26.572571
167	187	-32.204915	8.246685	10	26.567952
168	106	-33.247448	5.972392	10	26.565013
169	122	-32.998216	6.400000	2	26.560617
170	124	-32.987481	6.400000	2	26.558269
171	208	-31.996867	8.616322	10	26.552830
172	203	-32.067911	8.386328	10	26.549312
173	205	-32.05208	8.400000	3	26.546925
174	126	-32.933979	6.400000	2	26.546561
175	190	-32.164055	8.060517	10	26.542323
176	276	-31.471759	9.984690	10	26.539788
177	128	-32.89696	6.400000	2	26.538448
178	255	-31.628686	9.475255	10	26.537891
179	202	-32.068865	8.226462	10	26.535643
180	132	-32.859103	6.400000	2	26.530142
181	133	-32.858492	6.400000	2	26.530008
182	224	-31.853412	8.679647	10	26.525698
183	258	-31.597347	9.407527	10	26.525565
184	179	-32.290784	7.543846	10	26.522903
185	220	-31.875941	8.577854	10	26.522289
186	288	-31.394281	9.975922	10	26.521374
187	210	-31.983971	8.276596	10	26.520905
188	34	-35.416135	2.971165	10	26.517189
189	292	-31.362578	10.000000	5	26.515825
190	139	-32.754297	6.400000	2	26.507097
191	33	-35.470692	2.880426	10	26.505919
192	213	-31.962873	8.145839	10	26.504658
193	277	-31.469683	9.486792	10	26.502414
194	140	-32.732435	6.400000	2	26.502281
195	143	-32.724259	6.400000	2	26.500479
196	291	-31.367217	9.721025	10	26.496482
197	279	-31.444578	9.467922	10	26.495221
198	180	-32.276372	7.256058	10	26.491626
199	282	-31.437501	9.422795	10	26.490151
200	280	-31.444247	9.380773	10	26.488474
201	311	-31.236722	9.975869	10	26.485077
202	151	-32.627068	6.400000	2	26.479023
203	230	-31.8366	8.147204	10	26.476224
204	296	-31.350921	9.466201	10	26.473572
205	268	-31.506349	8.961716	10	26.469741
206	246	-31.710712	8.400000	3	26.469686
207	298	-31.323229	9.446081	10	26.465663
208	326	-31.139948	9.975320	10	26.462655
209	192	-32.161263	7.206437	10	26.460904
210	305	-31.274283	9.427579	10	26.452968
211	168	-32.467524	6.400000	2	26.443663
212	340	-31.057197	9.974456	10	26.443398
213	316	-31.215563	9.453171	10	26.441367
214	323	-31.156199	9.600000	4	26.438754
215	169	-32.445223	6.400000	2	26.438707
216	170	-32.444367	6.400000	2	26.438517
217	171	-32.439226	6.400000	2	26.437373
218	254	-31.635228	8.157797	10	26.431390
219	353	-30.986038	9.979438	10	26.427211
220	330	-31.104613	9.600000	4	26.426800
221	172	-32.382227	6.400000	2	26.424687
222	173	-32.381819	6.400000	2	26.424597
223	359	-30.943998	9.980701	10	26.417509
224	360	-30.940436	9.988723	10	26.417258
225	248	-31.708459	7.713784	10	26.407699
226	281	-31.441043	8.311228	10	26.400417
227	375	-30.862073	10.000000	5	26.399779
228	354	-30.98002	9.600000	4	26.397848
229	260	-31.579052	7.889058	10	26.394406
230	270	-31.476914	8.138186	10	26.393465
231	184	-32.236396	6.400000	2	26.392129
232	186	-32.233704	6.400000	2	26.391526
233	289	-31.381072	8.358725	10	26.390755
234	188	-32.201962	6.400000	2	26.384419
235	355	-30.977509	9.415336	10	26.383252
236	189	-32.184077	6.400000	2	26.380412
237	191	-32.163822	6.400000	2	26.375871
238	392	-30.762621	9.981183	10	26.375138
239	287	-31.397286	8.131289	10	26.374582
240	366	-30.908793	9.440234	10	26.369138
241	384	-30.814713	9.730858	10	26.369021
242	196	-32.11788	6.400000	2	26.365560
243	306	-31.254068	8.400000	3	26.365055
244	371	-30.892866	9.415361	10	26.363517
245	346	-31.040933	8.958638	10	26.362140
246	310	-31.239896	8.400000	3	26.361783
247	198	-32.095129	6.400000	2	26.360448
248	102	-33.311393	4.390247	10	26.356870
249	376	-30.856923	9.429199	10	26.356179
250	416	-30.675842	10.000000	5	26.356119
251	334	-31.088622	8.725484	10	26.354191
252	333	-31.100627	8.685229	10	26.353641
253	417	-30.67226	9.964971	10	26.352746
254	312	-31.234593	8.293506	10	26.351355
255	86	-33.666991	3.915406	10	26.350895
256	420	-30.655875	9.981780	10	26.350107
257	331	-31.103799	8.632556	10	26.349988
258	380	-30.830512	9.419722	10	26.349277
259	389	-30.769386	9.600000	4	26.348636
260	307	-31.249908	8.218569	10	26.348344
261	386	-30.806958	9.432478	10	26.344740
262	314	-31.222752	8.236352	10	26.343632
263	206	-32.01836	6.400000	2	26.343173
264	207	-32.010847	6.400000	2	26.341481
265	336	-31.077979	8.581137	10	26.339688
266	317	-31.210237	8.223086	10	26.339577
267	364	-30.924069	9.003681	10	26.338549
268	338	-31.073525	8.557213	10	26.336641
269	388	-30.797923	9.354305	10	26.336621
270	436	-30.593926	9.978191	10	26.335256
271	329	-31.112148	8.400000	3	26.332225
272	212	-31.968086	6.400000	2	26.331838
273	393	-30.755664	9.411440	10	26.331109
274	344	-31.053482	8.544900	10	26.330948
275	440	-30.573372	9.984957	10	26.330897
276	422	-30.646277	9.703608	10	26.327460
277	403	-30.714248	9.484307	10	26.326952
278	450	-30.543105	10.000000	5	26.324838
279	343	-31.053564	8.453004	10	26.323167
280	404	-30.70899	9.442364	10	26.322520
281	217	-31.906955	6.400000	2	26.318031
282	460	-30.493303	10.000000	5	26.313067
283	378	-30.844384	8.900774	10	26.311645
284	421	-30.647155	9.482339	10	26.311028
285	423	-30.645652	9.474959	10	26.310112
286	431	-30.599205	9.618739	10	26.310035
287	365	-30.913422	8.655123	10	26.307584
288	434	-30.594662	9.600000	4	26.307557
289	226	-31.849662	6.400000	2	26.305067
290	227	-31.849015	6.400000	2	26.304920
291	405	-30.7041	9.228138	10	26.304817
292	472	-30.463889	9.978878	10	26.304580
293	398	-30.742623	9.096615	10	26.303507
294	399	-30.724182	9.141330	10	26.302715
295	442	-30.564998	9.618799	10	26.301971
296	476	-30.44956	9.976315	10	26.301001
297	356	-30.975079	8.400000	3	26.300375
298	233	-31.822178	6.400000	2	26.298839
299	481	-30.428437	9.980812	10	26.296320
300	433	-30.596861	9.434747	10	26.295551
301	234	-31.806515	6.400000	2	26.295288
302	441	-30.566161	9.512694	10	26.294244
303	235	-31.800473	6.400000	2	26.293918
304	483	-30.417892	9.981931	10	26.293901
305	236	-31.792373	6.400000	2	26.292080
306	489	-30.409073	9.985083	10	26.292037
307	297	-31.334774	7.390869	10	26.291335
308	439	-30.574326	9.435344	10	26.290281
309	348	-31.017085	8.157680	10	26.289035
310	457	-30.507226	9.600000	4	26.286913
311	238	-31.767864	6.400000	2	26.286517
312	496	-30.379378	9.993657	10	26.285609
313	454	-30.528583	9.515495	10	26.285583
314	466	-30.47743	9.671819	10	26.285240
315	424	-30.644855	9.144681	10	26.284331
316	240	-31.753693	6.400000	2	26.283298
317	241	-31.740473	6.400000	2	26.280295
318	453	-30.5287	9.438740	10	26.279768
319	242	-31.737645	6.400000	2	26.279652
320	243	-31.735378	6.400000	2	26.279137
321	245	-31.711468	6.400000	2	26.273700
322	247	-31.709008	6.400000	2	26.273140
323	368	-30.903807	8.275876	10	26.273019
324	475	-30.454658	9.486698	10	26.265908
325	484	-30.417072	9.600000	4	26.265564
326	377	-30.855237	8.308601	10	26.264520
327	250	-31.663967	6.400000	2	26.262886
328	251	-31.659776	6.400000	2	26.261932
329	252	-31.65076	6.400000	2	26.259877
330	372	-30.885107	8.175204	10	26.259824
331	479	-30.432723	9.441282	10	26.257249
332	531	-30.253142	9.978292	10	26.254462
333	390	-30.7663	8.403809	10	26.251917
334	391	-30.766138	8.400000	3	26.251552
335	490	-30.408209	9.441493	10	26.251452
336	516	-30.340132	9.649457	10	26.251001
337	379	-30.83366	8.197691	10	26.249780
338	508	-30.349907	9.600000	4	26.249618
339	394	-30.754039	8.341527	10	26.243676
340	261	-31.576673	6.400000	2	26.242972
341	408	-30.696609	8.475824	10	26.241714
342	387	-30.800083	8.176658	10	26.240067
343	511	-30.342666	9.486600	10	26.239325
344	517	-30.338207	9.487247	10	26.238314
345	263	-31.552396	6.400000	2	26.237424
346	264	-31.550404	6.400000	2	26.236969
347	409	-30.696555	8.414784	10	26.236487
348	265	-31.543558	6.400000	2	26.235403
349	465	-30.48335	8.983258	10	26.233367
350	553	-30.162619	9.976620	10	26.232725
351	557	-30.153812	9.989052	10	26.231516
352	560	-30.14609	10.000000	5	26.230459
353	411	-30.691382	8.357468	10	26.230341
354	413	-30.688134	8.357969	10	26.229621
355	530	-30.255772	9.600000	4	26.227210
356	419	-30.661278	8.400000	3	26.226924
357	547	-30.205734	9.748914	10	26.226373
358	414	-30.686232	8.286577	10	26.222986
359	269	-31.486214	6.400000	2	26.222278
360	569	-30.111333	9.986565	10	26.221168
361	494	-30.391153	9.092324	10	26.220222
362	448	-30.551819	8.622946	10	26.220022
363	271	-31.475542	6.400000	2	26.219833
364	571	-30.108863	9.975706	10	26.219791
365	272	-31.4748	6.400000	2	26.219662
366	273	-31.473912	6.400000	2	26.219459
367	274	-31.472829	6.400000	2	26.219211
368	397	-30.749175	8.073201	10	26.218949
369	546	-30.207384	9.625418	10	26.217571
370	429	-30.608885	8.420193	10	26.216320
371	533	-30.24071	9.488391	10	26.215182
372	347	-31.019936	7.355704	10	26.215051
373	577	-30.082892	9.977823	10	26.213719
374	278	-31.448633	6.400000	2	26.213663
375	551	-30.190375	9.600000	4	26.211601
376	283	-31.437204	6.400000	2	26.211041
377	447	-30.553258	8.499089	10	26.209926
378	584	-30.065807	9.974210	10	26.209360
379	537	-30.225907	9.446419	10	26.208452
380	526	-30.277749	9.281184	10	26.208085
381	452	-30.535464	8.515746	10	26.207136
382	451	-30.538728	8.501685	10	26.206715
383	534	-30.234834	9.394789	10	26.206629
384	284	-31.41776	6.400000	2	26.206578
385	588	-30.055216	9.969601	10	26.206485
386	432	-30.599084	8.325434	10	26.205846
387	286	-31.411942	6.400000	2	26.205242
388	550	-30.193046	9.507007	10	26.205218
389	444	-30.555655	8.400000	3	26.202032
390	591	-30.029238	9.976814	10	26.200769
391	545	-30.208263	9.395608	10	26.200350
392	549	-30.197351	9.414606	10	26.199201
393	425	-30.630861	8.150491	10	26.198014
394	290	-31.368416	6.400000	2	26.195240
395	607	-29.999803	9.974930	10	26.193559
396	293	-31.356471	6.400000	2	26.192492
397	612	-29.986058	9.978147	10	26.190486
398	614	-29.977985	10.000000	10	26.190122
399	573	-30.097402	9.600000	4	26.189352
400	586	-30.06362	9.668139	10	26.186353
401	578	-30.082506	9.600000	4	26.185781
402	299	-31.323115	6.400000	2	26.184815
403	300	-31.319358	6.400000	2	26.183950
404	449	-30.548195	8.206655	10	26.183473
405	618	-29.955044	9.979922	10	26.183150
406	622	-29.941627	10.000000	5	26.181368
407	473	-30.463868	8.400000	3	26.180331
408	303	-31.29755	6.400000	2	26.178925
409	462	-30.490434	8.308398	10	26.178709
410	589	-30.048413	9.600000	4	26.177602
411	304	-31.290244	6.400000	2	26.177241
412	467	-30.475088	8.292211	10	26.173671
413	579	-30.079748	9.442146	10	26.173160
414	478	-30.440568	8.363401	10	26.171662
415	502	-30.367384	8.528729	10	26.168419
416	308	-31.248825	6.400000	2	26.167686
417	309	-31.248586	6.400000	2	26.167631
418	491	-30.407296	8.400000	3	26.166923
419	642	-29.870424	9.989571	10	26.163440
420	461	-30.493202	8.118540	10	26.162689
421	592	-30.026954	9.470730	10	26.162669
422	313	-31.225207	6.400000	2	26.162232
423	616	-29.966005	9.619139	10	26.159228
424	649	-29.856848	9.976576	10	26.159222
425	257	-31.603888	5.637078	10	26.157625
426	318	-31.204165	6.400000	2	26.157369
427	658	-29.837167	9.975158	10	26.154363
428	606	-30.001567	9.433874	10	26.153755
429	608	-29.995909	9.448021	10	26.153475
430	406	-30.702234	7.482694	10	26.153137
431	319	-31.182919	6.400000	2	26.152456
432	76	-33.854857	2.812015	10	26.152257
433	513	-30.342163	8.400000	3	26.151455
434	320	-31.17468	6.400000	2	26.150550
435	611	-29.988936	9.431331	10	26.150523
436	669	-29.809851	9.981109	10	26.148186
437	321	-31.163581	6.400000	2	26.147982
438	555	-30.155164	8.882122	10	26.147118
439	322	-31.156836	6.400000	2	26.146420
440	512	-30.342426	8.332409	10	26.145690
441	325	-31.151198	6.400000	2	26.145115
442	327	-31.137084	6.400000	2	26.141846
443	683	-29.773815	9.979034	10	26.139311
444	646	-29.86367	9.663770	10	26.137891
445	627	-29.934306	9.435056	10	26.137655
446	328	-31.115103	6.400000	2	26.136752
447	499	-30.373788	8.110555	10	26.133675
448	651	-29.851363	9.600000	4	26.130142
449	430	-30.600234	7.468609	10	26.127774
450	456	-30.519041	7.651932	10	26.126101
451	624	-29.939341	9.265482	10	26.125786
452	661	-29.823876	9.600000	4	26.123497
453	341	-31.055841	6.400000	2	26.123000
454	345	-31.043082	6.400000	2	26.120035
455	648	-29.862063	9.428932	10	26.119757
456	645	-29.866302	9.411972	10	26.119482
457	707	-29.688238	9.984475	10	26.118941
458	708	-29.680532	10.000000	5	26.118189
459	519	-30.329225	8.045802	10	26.117302
460	625	-29.93768	9.136007	10	26.115234
461	514	-30.340962	7.990960	10	26.115159
462	664	-29.818509	9.475392	10	26.112774
463	349	-31.008659	6.400000	2	26.112032
464	660	-29.831316	9.412737	10	26.111086
465	665	-29.816122	9.429585	10	26.108701
466	724	-29.646089	9.982762	10	26.108569
467	352	-30.993742	6.400000	2	26.108561
468	674	-29.801818	9.459599	10	26.107532
469	358	-30.958559	6.400000	2	26.100368
470	694	-29.723787	9.600000	4	26.099247
471	361	-30.937807	6.400000	2	26.095531
472	749	-29.586287	9.982325	10	26.093972
473	363	-30.927393	6.400000	2	26.093103
474	367	-30.906583	6.400000	2	26.088247
475	711	-29.673479	9.612563	10	26.087971
476	369	-30.902471	6.400000	2	26.087287
477	370	-30.899819	6.400000	2	26.086668
478	693	-29.72675	9.413680	10	26.085829
479	585	-30.063674	8.400000	3	26.084942
480	720	-29.651834	9.618167	10	26.083128
481	704	-29.694817	9.477105	10	26.082919
482	772	-29.536998	9.983954	10	26.082062
483	601	-30.006105	8.526051	10	26.081860
484	373	-30.864592	6.400000	2	26.078440
485	670	-29.809233	9.016189	10	26.074696
486	600	-30.011727	8.400000	3	26.072467
487	603	-30.00422	8.400000	3	26.070662
488	568	-30.111514	8.087121	10	26.069030
489	382	-30.823049	6.400000	2	26.068724
490	383	-30.820698	6.400000	2	26.068174
491	385	-30.811057	6.400000	2	26.065917
492	748	-29.586527	9.600000	4	26.065859
493	597	-30.013536	8.316923	10	26.065732
494	582	-30.067534	8.163369	10	26.065256
495	623	-29.939384	8.515466	10	26.064906
496	681	-29.777944	8.984950	10	26.064616
497	602	-30.00585	8.290102	10	26.061554
498	718	-29.657256	9.316403	10	26.061453
499	744	-29.589496	9.531491	10	26.061417
500	570	-30.109736	8.003191	10	26.061078
501	729	-29.635485	9.373677	10	26.060576
502	762	-29.553141	9.612979	10	26.058690
503	730	-29.633378	9.347441	10	26.058042
504	738	-29.603266	9.422682	10	26.056491
505	817	-29.42391	10.000000	5	26.055549
506	691	-29.749333	8.939545	10	26.054028
507	395	-30.752994	6.400000	2	26.052311
508	754	-29.578177	9.439702	10	26.051677
509	643	-29.869294	8.554327	10	26.051283
510	830	-29.407669	9.986897	10	26.050621
511	779	-29.506383	9.624541	10	26.048135
512	610	-29.989247	8.166366	10	26.046714
513	400	-30.723451	6.400000	2	26.045378
514	401	-30.722993	6.400000	2	26.045270
515	685	-29.765072	8.771001	10	26.044113
516	402	-30.714714	6.400000	2	26.043326
517	635	-29.899601	8.365662	10	26.042511
518	795	-29.477589	9.632736	10	26.041706
519	837	-29.366941	10.000000	5	26.041569
520	840	-29.361353	9.991449	10	26.039580
521	407	-30.698224	6.400000	2	26.039452
522	841	-29.357594	9.990201	10	26.038566
523	556	-30.154483	7.640927	10	26.038377
524	797	-29.471766	9.600000	4	26.037825
525	500	-30.369572	7.102356	10	26.036922
526	415	-30.683556	6.400000	2	26.036005
527	847	-29.347385	9.975244	10	26.034976
528	782	-29.503901	9.425037	10	26.032418
529	812	-29.427051	9.661881	10	26.031507
530	166	-32.480088	3.600000	1	26.031417
531	418	-30.661597	6.400000	2	26.030841
532	790	-29.487407	9.454492	10	26.030635
533	785	-29.500315	9.403800	10	26.029914
534	632	-29.913815	8.179599	10	26.029715
535	857	-29.316539	9.974701	10	26.027351
536	659	-29.837095	8.363496	10	26.027229
537	816	-29.424676	9.600000	4	26.026290
538	862	-29.311794	9.975829	10	26.026265
539	870	-29.297785	10.000000	5	26.024563
540	638	-29.893521	8.168814	10	26.023868
541	824	-29.411015	9.600000	4	26.022941
542	427	-30.623495	6.400000	2	26.021871
543	428	-30.620814	6.400000	2	26.021240
544	876	-29.286492	9.988524	10	26.020953
545	656	-29.842659	8.257923	10	26.019410
546	883	-29.267414	9.979368	10	26.015591
547	819	-29.420207	9.473007	10	26.015589
548	886	-29.266144	9.977533	10	26.015145
549	633	-29.905872	8.021599	10	26.013729
550	438	-30.58797	6.400000	2	26.013498
551	654	-29.845478	8.172655	10	26.012605
552	756	-29.576894	8.943237	10	26.012392
553	895	-29.250683	9.975734	10	26.011204
554	647	-29.863152	8.100451	10	26.010474
555	845	-29.347587	9.600000	4	26.007367
556	562	-30.137233	7.343703	10	26.005629
557	445	-30.554167	6.400000	2	26.005522
558	806	-29.442877	9.269984	10	26.005517
559	446	-30.553603	6.400000	2	26.005389
560	908	-29.2196	9.983614	10	26.004104
561	678	-29.788065	8.229269	10	26.003695
562	680	-29.779371	8.223291	10	26.001065
563	859	-29.315152	9.600000	4	25.999390
564	860	-29.31458	9.600000	4	25.999250
565	925	-29.19631	9.989479	10	25.998775
566	926	-29.192304	9.985585	10	25.997504
567	692	-29.743414	8.278047	10	25.997137
568	675	-29.795444	8.131526	10	25.996862
569	672	-29.806104	8.090200	10	25.995767
570	869	-29.299702	9.600000	4	25.995588
571	458	-30.500868	6.400000	2	25.992928
572	459	-30.496576	6.400000	2	25.991913
573	941	-29.170229	9.982430	10	25.991820
574	687	-29.761594	8.161095	10	25.991281
575	710	-29.673495	8.400000	3	25.990709
576	629	-29.926277	7.713998	10	25.990444
577	463	-30.488786	6.400000	2	25.990070
578	855	-29.324646	9.444643	10	25.989957
579	733	-29.622631	8.530178	10	25.989427
580	464	-30.484043	6.400000	2	25.988948
581	715	-29.665976	8.400000	3	25.988881
582	948	-29.151034	10.000000	5	25.988340
583	716	-29.660257	8.400000	3	25.987491
584	858	-29.316419	9.427969	10	25.986658
585	951	-29.142479	9.986995	10	25.985284
586	953	-29.14194	9.986274	10	25.985098
587	722	-29.650125	8.400000	3	25.985026
588	469	-30.467293	6.400000	2	25.984983
589	470	-30.466481	6.400000	2	25.984791
590	957	-29.13341	9.987376	10	25.983066
591	474	-30.458244	6.400000	2	25.982840
592	868	-29.300318	9.412920	10	25.981543
593	900	-29.239474	9.600000	4	25.980744
594	688	-29.760058	8.043937	10	25.980478
595	477	-30.442259	6.400000	2	25.979054
596	885	-29.266248	9.482655	10	25.978475
597	751	-29.58227	8.499976	10	25.977034
598	769	-29.546432	8.599808	10	25.976712
599	480	-30.428467	6.400000	2	25.975785
600	482	-30.428159	6.400000	2	25.975712
601	894	-29.252588	9.482726	10	25.975113
602	801	-29.45843	8.825923	10	25.973917
603	831	-29.400923	8.988571	10	25.972994
604	916	-29.205792	9.600000	4	25.972430
605	705	-29.694602	8.128365	10	25.972127
606	902	-29.236204	9.495457	10	25.972039
607	486	-30.412252	6.400000	2	25.971940
608	892	-29.253596	9.435310	10	25.971745
609	488	-30.410423	6.400000	2	25.971506
610	919	-29.201303	9.600000	4	25.971321
611	714	-29.666407	8.193884	10	25.971065
612	747	-29.588045	8.400000	3	25.969907
613	927	-29.192116	9.600000	4	25.969052
614	493	-30.399754	6.400000	2	25.968975
615	750	-29.583563	8.400000	3	25.968814
616	731	-29.63049	8.262581	10	25.968349
617	719	-29.654185	8.189709	10	25.967725
618	721	-29.650638	8.197506	10	25.967549
619	930	-29.185905	9.600000	4	25.967517
620	906	-29.220734	9.482757	10	25.967256
621	709	-29.675389	8.116498	10	25.966404
622	935	-29.179844	9.600000	4	25.966019
623	594	-30.025943	7.202847	10	25.964972
624	725	-29.642681	8.189875	10	25.964941
625	498	-30.378023	6.400000	2	25.963816
626	745	-29.589476	8.317978	10	25.963178
627	832	-29.396684	8.872787	10	25.962601
628	914	-29.210219	9.452216	10	25.962333
629	765	-29.550296	8.400000	3	25.960698
630	843	-29.352481	8.978978	10	25.960328
631	503	-30.363251	6.400000	2	25.960308
632	884	-29.266613	9.229508	10	25.959046
633	505	-30.356844	6.400000	2	25.958785
634	506	-30.356054	6.400000	2	25.958598
635	507	-30.352981	6.400000	2	25.957867
636	937	-29.175708	9.496914	10	25.957208
637	510	-30.343157	6.400000	2	25.955532
638	956	-29.13549	9.605504	10	25.955459
639	515	-30.340883	6.400000	2	25.954992
640	783	-29.502901	8.448357	10	25.953260
641	963	-29.126037	9.600000	4	25.952705
642	727	-29.639382	8.060250	10	25.952630
643	518	-30.330589	6.400000	2	25.952544
644	767	-29.549742	8.306069	10	25.952451
645	968	-29.122712	9.600000	4	25.951881
646	521	-30.324456	6.400000	2	25.951085
647	944	-29.162684	9.406431	10	25.947082
648	972	-29.102105	9.600000	4	25.946775
649	802	-29.455017	8.503414	10	25.946228
650	770	-29.546036	8.239477	10	25.945740
651	791	-29.486596	8.400000	3	25.945132
652	961	-29.129822	9.475696	10	25.944241
653	977	-29.087025	9.600000	4	25.943036
654	800	-29.462541	8.442260	10	25.942864
655	955	-29.136576	9.429922	10	25.942420
656	524	-30.287478	6.400000	2	25.942284
657	525	-30.28287	6.400000	2	25.941186
658	798	-29.467865	8.400000	3	25.940548
659	527	-30.275621	6.400000	2	25.939459
660	966	-29.123622	9.428996	10	25.939141
661	962	-29.129156	9.407366	10	25.938855
662	528	-30.272115	6.400000	2	25.938624
663	820	-29.41789	8.506790	10	25.937417
664	853	-29.333859	8.752064	10	25.937286
665	997	-29.045428	9.653692	10	25.936736
666	993	-29.048688	9.642690	10	25.936723
667	529	-30.261981	6.400000	2	25.936209
668	991	-29.050629	9.600000	4	25.934005
669	532	-30.247108	6.400000	2	25.932662
670	784	-29.501511	8.208885	10	25.932178
671	875	-29.288396	8.807564	10	25.930658
672	807	-29.440824	8.358741	10	25.930374
673	794	-29.481839	8.240870	10	25.930171
674	788	-29.494735	8.197398	10	25.929511
675	983	-29.069524	9.476674	10	25.929368
676	536	-30.228235	6.400000	2	25.928160
677	821	-29.417022	8.400000	3	25.928091
678	539	-30.224485	6.400000	2	25.927265
679	540	-30.22242	6.400000	2	25.926772
680	541	-30.222029	6.400000	2	25.926679
681	826	-29.409685	8.400000	3	25.926292
682	543	-30.216109	6.400000	2	25.925266
683	275	-31.472789	4.256949	10	25.925076
684	130	-32.888985	2.741156	10	25.925055
685	996	-29.046067	9.475916	10	25.923487
686	850	-29.336688	8.561147	10	25.922073
687	548	-30.197804	6.400000	2	25.920895
688	789	-29.494496	8.100580	10	25.920882
689	829	-29.408637	8.300975	10	25.917480
690	828	-29.408936	8.298462	10	25.917335
691	979	-29.081788	9.267756	10	25.916330
692	552	-30.175365	6.400000	2	25.915533
693	679	-29.78508	7.284454	10	25.915000
694	827	-29.409216	8.269181	10	25.914854
695	335	-31.08365	4.730291	10	25.911385
696	554	-30.156188	6.400000	2	25.910947
697	923	-29.198365	8.834007	10	25.910612
698	558	-30.152491	6.400000	2	25.910062
699	934	-29.180486	8.850316	10	25.907525
700	561	-30.13894	6.400000	2	25.906820
701	563	-30.132482	6.400000	2	25.905274
702	564	-30.130325	6.400000	2	25.904758
703	965	-29.124722	8.986302	10	25.904726
704	834	-29.384708	8.213383	10	25.903957
705	566	-30.126046	6.400000	2	25.903733
706	861	-29.313846	8.400000	3	25.902746
707	936	-29.17691	8.798315	10	25.902390
708	863	-29.309038	8.400000	3	25.901563
709	810	-29.436808	8.040492	10	25.901389
710	848	-29.340428	8.308011	10	25.901342
711	567	-30.113551	6.400000	2	25.900741
712	572	-30.104179	6.400000	2	25.898495
713	887	-29.263793	8.488148	10	25.897949
714	574	-30.092955	6.400000	2	25.895805
715	877	-29.284503	8.400000	3	25.895522
716	576	-30.083489	6.400000	2	25.893536
717	580	-30.077496	6.400000	2	25.892099
718	581	-30.075805	6.400000	2	25.891693
719	583	-30.066788	6.400000	2	25.889530
720	920	-29.200081	8.572626	10	25.889371
721	228	-31.84617	3.600000	1	25.889238
722	700	-29.69939	7.232973	10	25.889101
723	587	-30.061315	6.400000	2	25.888217
724	267	-31.511706	3.987716	10	25.886861
725	232	-31.828815	3.600000	1	25.885306
726	881	-29.280087	8.282895	10	25.884307
727	590	-30.036108	6.400000	2	25.882166
728	950	-29.144282	8.649182	10	25.881987
729	909	-29.217296	8.422315	10	25.880862
730	905	-29.224201	8.400000	3	25.880653
731	917	-29.203599	8.455898	10	25.880350
732	593	-30.026857	6.400000	2	25.879944
733	595	-30.025767	6.400000	2	25.879682
734	910	-29.214739	8.400000	3	25.878317
735	898	-29.245615	8.311447	10	25.878292
736	912	-29.212409	8.400000	3	25.877742
737	596	-30.016811	6.400000	2	25.877530
738	598	-30.013234	6.400000	2	25.876670
739	604	-30.002798	6.400000	2	25.874162
740	605	-30.002701	6.400000	2	25.874138
741	609	-29.993182	6.400000	2	25.871849
742	239	-31.759055	3.600000	1	25.869479
743	615	-29.976592	6.400000	2	25.867858
744	351	-30.996894	4.575075	10	25.867156
745	893	-29.253441	8.128427	10	25.864160
746	617	-29.956034	6.400000	2	25.862910
747	619	-29.95213	6.400000	2	25.861969
748	921	-29.200052	8.251626	10	25.861834
749	621	-29.942078	6.400000	2	25.859548
750	958	-29.13319	8.400000	3	25.858154
751	626	-29.9344	6.400000	2	25.857698
752	933	-29.180801	8.257055	10	25.857552
753	992	-29.048741	8.636643	10	25.857254
754	985	-29.065446	8.586137	10	25.857170
755	628	-29.929893	6.400000	2	25.856612
756	599	-30.012363	6.220088	10	25.855892
757	630	-29.919268	6.400000	2	25.854051
758	904	-29.224861	8.088425	10	25.853551
759	538	-30.225184	5.764706	10	25.852020
760	634	-29.904953	6.400000	2	25.850599
761	879	-29.28375	7.879668	10	25.849209
762	636	-29.897319	6.400000	2	25.848757
763	637	-29.893856	6.400000	2	25.847921
764	940	-29.171094	8.165022	10	25.847066
765	639	-29.888721	6.400000	2	25.846682
766	640	-29.887791	6.400000	2	25.846458
767	435	-30.594105	5.047591	10	25.843707
768	641	-29.875321	6.400000	2	25.843447
769	644	-29.868626	6.400000	2	25.841831
770	650	-29.855337	6.400000	2	25.838621
771	652	-29.850727	6.400000	2	25.837507
772	653	-29.848546	6.400000	2	25.836980
773	655	-29.84472	6.400000	2	25.836055
774	657	-29.841047	6.400000	2	25.835167
775	259	-31.5925	3.600000	1	25.831549
776	666	-29.813077	6.400000	2	25.828403
777	668	-29.812061	6.400000	2	25.828157
778	671	-29.80767	6.400000	2	25.827094
779	673	-29.802698	6.400000	2	25.825891
780	544	-30.209762	5.574449	10	25.824129
781	676	-29.79489	6.400000	2	25.824001
782	677	-29.7923	6.400000	2	25.823374
783	974	-29.09664	8.102041	10	25.823046
784	214	-31.96169	3.167378	10	25.823003
785	684	-29.769946	6.400000	2	25.817959
786	686	-29.762039	6.400000	2	25.816043
787	836	-29.371172	7.300123	10	25.815605
788	689	-29.759581	6.400000	2	25.815447
789	690	-29.758258	6.400000	2	25.815127
790	695	-29.717439	6.400000	2	25.805225
791	696	-29.714217	6.400000	2	25.804443
792	697	-29.703575	6.400000	2	25.801859
793	698	-29.703176	6.400000	2	25.801762
794	701	-29.698621	6.400000	2	25.800656
795	702	-29.698332	6.400000	2	25.800586
796	703	-29.69701	6.400000	2	25.800265
797	712	-29.67183	6.400000	2	25.794146
798	717	-29.659437	6.400000	2	25.791132
799	723	-29.648175	6.400000	2	25.788393
800	726	-29.640984	6.400000	2	25.786643
801	728	-29.638601	6.400000	2	25.786063
802	978	-29.083605	7.715327	10	25.784535
803	732	-29.625194	6.400000	2	25.782799
804	735	-29.616183	6.400000	2	25.780605
805	736	-29.615013	6.400000	2	25.780320
806	339	-31.057926	3.972252	10	25.779426
807	737	-29.604125	6.400000	2	25.777667
808	741	-29.594778	6.400000	2	25.775390
809	742	-29.593311	6.400000	2	25.775032
810	743	-29.589995	6.400000	2	25.774224
811	752	-29.581858	6.400000	2	25.772240
812	755	-29.576926	6.400000	2	25.771037
813	757	-29.576161	6.400000	2	25.770850
814	759	-29.571397	6.400000	2	25.769688
815	760	-29.570977	6.400000	2	25.769586
816	891	-29.253782	7.116025	10	25.768292
817	764	-29.551228	6.400000	2	25.764767
818	771	-29.543212	6.400000	2	25.762810
819	982	-29.072851	7.502534	10	25.761692
820	773	-29.527404	6.400000	2	25.758949
821	774	-29.526198	6.400000	2	25.758654
822	775	-29.524031	6.400000	2	25.758125
823	777	-29.510086	6.400000	2	25.754717
824	778	-29.507311	6.400000	2	25.754039
825	780	-29.506182	6.400000	2	25.753763
826	781	-29.505099	6.400000	2	25.753498
827	939	-29.171576	7.107983	10	25.747177
828	796	-29.475819	6.400000	2	25.746336
829	803	-29.454247	6.400000	2	25.741055
830	804	-29.451573	6.400000	2	25.740400
831	805	-29.443548	6.400000	2	25.738434
832	808	-29.44004	6.400000	2	25.737575
833	809	-29.438883	6.400000	2	25.737291
834	811	-29.427572	6.400000	2	25.734519
835	813	-29.426981	6.400000	2	25.734374
836	814	-29.426682	6.400000	2	25.734301
837	815	-29.424951	6.400000	2	25.733876
838	823	-29.411088	6.400000	2	25.730477
839	833	-29.388317	6.400000	2	25.724890
840	835	-29.378442	6.400000	2	25.722466
841	838	-29.365035	6.400000	2	25.719173
842	842	-29.35434	6.400000	2	25.716546
843	844	-29.349348	6.400000	2	25.715319
844	846	-29.347517	6.400000	2	25.714869
845	851	-29.335952	6.400000	2	25.712025
846	852	-29.335808	6.400000	2	25.711990
847	854	-29.330759	6.400000	2	25.710748
848	856	-29.317882	6.400000	2	25.707581
849	864	-29.308582	6.400000	2	25.705292
850	866	-29.301701	6.400000	2	25.703599
851	867	-29.301165	6.400000	2	25.703467
852	871	-29.294728	6.400000	2	25.701882
853	872	-29.29298	6.400000	2	25.701451
854	874	-29.290312	6.400000	2	25.700794
855	880	-29.281483	6.400000	2	25.698620
856	882	-29.273405	6.400000	2	25.696629
857	559	-30.14924	4.752428	10	25.694581
858	889	-29.255623	6.400000	2	25.692246
859	890	-29.255584	6.400000	2	25.692237
860	907	-29.220446	6.467074	10	25.691088
861	896	-29.248428	6.400000	2	25.690472
862	897	-29.245941	6.400000	2	25.689858
863	899	-29.242136	6.400000	2	25.688920
864	901	-29.237725	6.400000	2	25.687832
865	911	-29.212596	6.400000	2	25.681629
866	913	-29.211494	6.400000	2	25.681357
867	915	-29.209649	6.400000	2	25.680902
868	924	-29.196931	6.400000	2	25.677760
869	928	-29.190469	6.400000	2	25.676163
870	929	-29.188943	6.400000	2	25.675786
871	931	-29.183901	6.400000	2	25.674540
872	938	-29.172425	6.400000	2	25.671703
873	943	-29.163807	6.400000	2	25.669572
874	946	-29.158743	6.400000	2	25.668319
875	949	-29.145914	6.400000	2	25.665145
876	954	-29.140753	6.400000	2	25.663867
877	374	-30.863185	3.600000	1	25.663074
878	959	-29.130759	6.400000	2	25.661393
879	964	-29.125782	6.400000	2	25.660160
880	967	-29.122783	6.400000	2	25.659418
881	969	-29.122244	6.400000	2	25.659284
882	970	-29.115797	6.400000	2	25.657687
883	971	-29.115332	6.400000	2	25.657572
884	222	-31.869241	2.586828	10	25.656056
885	973	-29.097273	6.400000	2	25.653096
886	975	-29.092214	6.400000	2	25.651842
887	980	-29.07703	6.400000	2	25.648076
888	981	-29.073742	6.400000	2	25.647260
889	229	-31.841928	2.575984	10	25.646841
890	984	-29.065767	6.400000	2	25.645281
891	986	-29.063833	6.400000	2	25.644801
892	987	-29.058033	6.400000	2	25.643362
893	989	-29.052002	6.400000	2	25.641864
894	990	-29.050842	6.400000	2	25.641576
895	994	-29.048162	6.400000	2	25.640911
896	995	-29.047063	6.400000	2	25.640638
897	998	-29.044537	6.400000	2	25.640011
898	295	-31.352766	2.953005	10	25.633696
899	468	-30.467368	3.899175	10	25.627549
900	437	-30.590132	3.600000	1	25.598971
901	443	-30.561289	3.600000	1	25.592166
902	501	-30.367822	3.814128	10	25.588034
903	849	-29.339524	5.252701	10	25.570398
904	631	-29.91571	4.318940	10	25.569496
905	471	-30.464455	3.600000	1	25.569274
906	337	-31.077194	2.916357	10	25.561005
907	945	-29.160798	5.479221	10	25.556777
908	342	-31.054985	2.866468	10	25.543402
909	520	-30.328519	3.600000	1	25.537014
910	922	-29.198394	5.194592	10	25.527591
911	839	-29.36463	4.861832	10	25.520788
912	357	-30.962277	2.798189	10	25.504445
913	787	-29.496569	4.427806	10	25.485672
914	575	-30.091238	3.600000	1	25.480356
915	822	-29.414651	4.302162	10	25.444846
916	818	-29.420305	4.249727	10	25.437387
917	455	-30.523263	2.881812	10	25.422674
918	663	-29.820613	3.600000	1	25.415188
919	682	-29.775344	3.600000	1	25.404230
920	706	-29.688887	3.600000	1	25.383254
921	713	-29.671374	3.600000	1	25.378998
922	942	-29.16453	4.265314	10	25.377041
923	903	-29.230193	4.118070	10	25.367921
924	620	-29.944211	3.223844	10	25.365417
925	739	-29.598586	3.600000	1	25.361280
926	740	-29.595519	3.600000	1	25.360533
927	746	-29.589381	3.600000	1	25.359037
928	761	-29.555657	3.600000	1	25.350810
929	565	-30.128915	2.863788	10	25.324346
930	825	-29.410287	3.600000	1	25.315243
931	878	-29.284458	3.600000	1	25.284315
932	932	-29.18359	3.600000	1	25.259426
933	753	-29.579875	2.866471	10	25.192358
934	976	-29.087805	3.344034	10	25.182507
935	918	-29.202317	2.864952	10	25.099310
936	62	-34.244809	0.000000	0	-1000.000000
937	64	-34.15707	0.000000	0	-1000.000000
938	65	-34.14489	0.000000	0	-1000.000000
939	80	-33.782808	0.000000	0	-1000.000000
940	104	-33.27562	0.000000	0	-1000.000000
941	134	-32.843654	0.000000	0	-1000.000000
942	137	-32.785303	0.000000	0	-1000.000000
943	141	-32.725961	0.000000	0	-1000.000000
944	146	-32.666213	-100.000000	1	-1000.000000
945	162	-32.519154	0.000000	0	-1000.000000
946	167	-32.478505	0.000000	0	-1000.000000
947	175	-32.354131	0.000000	0	-1000.000000
948	204	-32.062376	0.000000	0	-1000.000000
949	221	-31.871864	0.000000	0	-1000.000000
950	249	-31.666465	0.000000	0	-1000.000000
951	262	-31.568286	0.000000	0	-1000.000000
952	266	-31.532812	0.000000	0	-1000.000000
953	285	-31.412757	0.000000	0	-1000.000000
954	294	-31.355405	0.000000	0	-1000.000000
955	301	-31.307625	0.000000	0	-1000.000000
956	302	-31.297646	0.000000	0	-1000.000000
957	315	-31.220565	0.000000	0	-1000.000000
958	324	-31.153298	0.000000	0	-1000.000000
959	332	-31.102623	0.000000	0	-1000.000000
960	350	-30.999726	0.000000	0	-1000.000000
961	362	-30.930044	0.000000	0	-1000.000000
962	381	-30.824411	0.000000	0	-1000.000000
963	396	-30.751199	0.000000	0	-1000.000000
964	410	-30.694443	0.000000	0	-1000.000000
965	412	-30.690185	0.000000	0	-1000.000000
966	426	-30.625803	0.000000	0	-1000.000000
967	485	-30.412657	0.000000	0	-1000.000000
968	487	-30.411105	0.000000	0	-1000.000000
969	492	-30.401682	0.000000	0	-1000.000000
970	495	-30.384133	0.000000	0	-1000.000000
971	497	-30.378855	0.000000	0	-1000.000000
972	504	-30.35905	0.000000	0	-1000.000000
973	509	-30.349219	0.000000	0	-1000.000000
974	522	-30.303953	0.000000	0	-1000.000000
975	523	-30.291992	0.000000	0	-1000.000000
976	535	-30.229114	0.000000	0	-1000.000000
977	542	-30.218853	0.000000	0	-1000.000000
978	613	-29.984981	0.000000	0	-1000.000000
979	662	-29.821805	0.000000	0	-1000.000000
980	667	-29.812446	0.000000	0	-1000.000000
981	699	-29.699836	0.000000	0	-1000.000000
982	734	-29.622488	0.000000	0	-1000.000000
983	758	-29.573933	0.000000	0	-1000.000000
984	763	-29.552945	0.000000	0	-1000.000000
985	766	-29.550095	0.000000	0	-1000.000000
986	768	-29.547012	0.000000	0	-1000.000000
987	776	-29.521586	0.000000	0	-1000.000000
988	786	-29.496896	0.000000	0	-1000.000000
989	792	-29.485249	0.000000	0	-1000.000000
990	793	-29.482476	0.000000	0	-1000.000000
991	799	-29.463534	0.000000	0	-1000.000000
992	865	-29.304467	0.000000	0	-1000.000000
993	873	-29.290701	0.000000	0	-1000.000000
994	888	-29.262933	0.000000	0	-1000.000000
995	947	-29.151515	-100.000000	1	-1000.000000
996	952	-29.142474	-100.000000	1	-1000.000000
997	960	-29.13047	0.000000	0	-1000.000000
998	988	-29.0573	0.000000	0	-1000.000000
999	999	-29.043957	0.000000	0	-1000.000000
1000	1000	-29.039678	0.000000	0	-1000.000000
